county_code,lon,lat,name,level
130102,114.548151,38.047501,长安区,district
130104,114.462931,38.028383,桥西区,district
130105,114.465974,38.067142,新华区,district
130107,114.058178,38.069748,井陉矿区,district
130108,114.533257,38.027696,裕华区,district
130109,114.849647,38.033767,藁城区,district
130110,114.321023,38.093994,鹿泉区,district
130111,114.654281,37.886911,栾城区,district
130121,114.144488,38.033614,井陉县,district
130123,114.569887,38.147835,正定县,district
130125,114.552734,38.437422,行唐县,district
130126,114.37946,38.306546,灵寿县,district
130127,114.610699,37.605714,高邑县,district
130128,115.200207,38.18454,深泽县,district
130129,114.387756,37.660199,赞皇县,district
130130,114.977845,38.176376,无极县,district
130131,114.184144,38.259311,平山县,district
130132,114.52618,37.762514,元氏县,district
130133,114.775362,37.754341,赵县,district
130181,115.217451,37.92904,辛集市,district
130183,115.044886,38.027478,晋州市,district
130184,114.68578,38.344768,新乐市,district
130202,118.210821,39.615162,路南区,district
130203,118.174736,39.628538,路北区,district
130204,118.45429,39.715736,古冶区,district
130205,118.264425,39.676171,开平区,district
130207,118.110793,39.56303,丰南区,district
130208,118.155779,39.831363,丰润区,district
130209,118.446585,39.278277,曹妃甸区,district
130224,118.681552,39.506201,滦南县,district
130225,118.905341,39.42813,乐亭县,district
130227,118.305139,40.146238,迁西县,district
130229,117.753665,39.887323,玉田县,district
130281,117.965875,40.188616,遵化市,district
130283,118.701933,40.012108,迁安市,district
130284,118.699546,39.74485,滦州市,district
130302,119.596224,39.943458,海港区,district
130303,119.753591,39.998023,山海关区,district
130304,119.486286,39.825121,北戴河区,district
130306,119.240651,39.887053,抚宁区,district
130321,118.954555,40.406023,青龙满族自治县,district
130322,119.164541,39.709729,昌黎县,district
130324,118.881809,39.891639,卢龙县,district
130402,114.484989,36.603196,邯山区,district
130403,114.494703,36.611082,丛台区,district
130404,114.458242,36.615484,复兴区,district
130406,114.209936,36.420487,峰峰矿区,district
130407,114.805154,36.555778,肥乡区,district
130408,114.496162,36.776413,永年区,district
130423,114.610703,36.337604,临漳县,district
130424,114.680356,36.443832,成安县,district
130425,115.152586,36.283316,大名县,district
130426,113.673297,36.563143,涉县,district
130427,114.38208,36.367673,磁县,district
130430,115.168584,36.81325,邱县,district
130431,114.878517,36.914908,鸡泽县,district
130432,114.950859,36.483603,广平县,district
130433,115.289057,36.539461,馆陶县,district
130434,114.93411,36.354248,魏县,district
130435,114.957588,36.773398,曲周县,district
130481,114.194581,36.696115,武安市,district
130502,114.507131,37.064125,襄都区,district
130503,114.473687,37.068009,信都区,district
130505,114.684469,37.129952,任泽区,district
130506,114.691377,37.003812,南和区,district
130522,114.506873,37.444009,临城县,district
130523,114.511523,37.287663,内丘县,district
130524,114.693382,37.483596,柏乡县,district
130525,114.776348,37.350925,隆尧县,district
130528,114.921027,37.618956,宁晋县,district
130529,115.038782,37.21768,巨鹿县,district
130530,115.247537,37.526216,新河县,district
130531,115.142797,37.075548,广宗县,district
130532,115.029218,37.069404,平乡县,district
130533,115.272749,36.983272,威县,district
130534,115.668999,37.059991,清河县,district
130535,115.498684,36.8642,临西县,district
130581,115.398102,37.359668,南宫市,district
130582,114.504902,36.861903,沙河市,district
130602,115.470659,38.88662,竞秀区,district
130606,115.500934,38.865005,莲池区,district
130607,115.32442,38.95138,满城区,district
130608,115.492221,38.771012,清苑区,district
130609,115.64941,39.020395,徐水区,district
130623,115.711985,39.393148,涞水县,district
130624,114.198801,38.847276,阜平县,district
130626,115.796895,39.266195,定兴县,district
130627,114.981241,38.748542,唐县,district
130628,115.778878,38.690092,高阳县,district
130629,115.866247,39.05282,容城县,district
130630,114.692567,39.35755,涞源县,district
130631,115.154009,38.707448,望都县,district
130632,115.931979,38.929912,安新县,district
130633,115.501146,39.35297,易县,district
130634,114.704055,38.619992,曲阳县,district
130635,115.583631,38.496429,蠡县,district
130636,115.132749,38.845127,顺平县,district
130637,115.461798,38.458271,博野县,district
130638,116.107474,38.990819,雄县,district
130681,115.973409,39.485765,涿州市,district
130682,114.991389,38.517602,定州市,district
130683,115.33141,38.421367,安国市,district
130684,115.882704,39.327689,高碑店市,district
130702,114.885658,40.813875,桥东区,district
130703,114.882127,40.824385,桥西区,district
130705,115.0632,40.609368,宣化区,district
130706,115.281002,40.488645,下花园区,district
130708,114.736131,40.765136,万全区,district
130709,115.281652,40.971302,崇礼区,district
130722,114.715951,41.151713,张北县,district
130723,114.615809,41.850046,康保县,district
130724,115.684836,41.667419,沽源县,district
130725,113.977713,41.080091,尚义县,district
130726,114.582695,39.837181,蔚县,district
130727,114.167343,40.113419,阳原县,district
130728,114.422364,40.671274,怀安县,district
130730,115.520846,40.405405,怀来县,district
130731,115.219246,40.378701,涿鹿县,district
130732,115.832708,40.912081,赤城县,district
130802,117.939152,40.976204,双桥区,district
130803,117.797485,40.959756,双滦区,district
130804,117.661154,40.546956,鹰手营子矿区,district
130821,118.172496,40.768637,承德县,district
130822,117.507098,40.418525,兴隆县,district
130824,117.337124,40.936644,滦平县,district
130825,117.736343,41.316667,隆化县,district
130826,116.65121,41.209903,丰宁满族自治县,district
130827,118.488642,40.607981,宽城满族自治县,district
130828,117.764086,41.949404,围场满族蒙古族自治县,district
130881,118.690238,41.00561,平泉市,district
130902,116.873049,38.308273,新华区,district
130903,116.840063,38.307405,运河区,district
130921,117.007478,38.219856,沧县,district
130922,116.838384,38.569646,青县,district
130923,116.542062,37.88655,东光县,district
130924,117.496606,38.141582,海兴县,district
130925,117.229814,38.056141,盐山县,district
130926,115.835856,38.427102,肃宁县,district
130927,116.709171,38.042439,南皮县,district
130928,116.391512,37.628182,吴桥县,district
130929,116.123844,38.189661,献县,district
130930,117.105104,38.057953,孟村回族自治县,district
130981,116.570163,38.073479,泊头市,district
130982,116.106764,38.706513,任丘市,district
130983,117.343803,38.369238,黄骅市,district
130984,116.089452,38.44149,河间市,district
131002,116.694544,39.502569,安次区,district
131003,116.713708,39.521931,广阳区,district
131022,116.299894,39.436468,固安县,district
131023,116.498089,39.319717,永清县,district
131024,117.007161,39.757212,香河县,district
131025,116.640735,38.699215,大城县,district
131026,116.460107,38.866801,文安县,district
131028,116.986501,39.889266,大厂回族自治县,district
131081,116.392021,39.117331,霸州市,district
131082,117.077018,39.982778,三河市,district
131102,115.694945,37.732237,桃城区,district
131103,115.579173,37.542788,冀州区,district
131121,115.726499,37.511512,枣强县,district
131122,115.892415,37.803774,武邑县,district
131123,115.970236,38.03698,武强县,district
131124,115.726577,38.232671,饶阳县,district
131125,115.519627,38.233511,安平县,district
131126,115.966747,37.350981,故城县,district
131127,116.258446,37.686622,景县,district
131128,116.164727,37.869945,阜城县,district
131182,115.554596,38.00347,深州市,district
140105,112.564273,37.817974,小店区,district
140106,112.558851,37.855804,迎泽区,district
140107,112.560743,37.879291,杏花岭区,district
140108,112.487122,37.939893,尖草坪区,district
140109,112.522258,37.862653,万柏林区,district
140110,112.477849,37.715619,晋源区,district
140121,112.357961,37.60729,清徐县,district
140122,112.673818,38.058797,阳曲县,district
140123,111.793798,38.066035,娄烦县,district
140181,112.174353,37.908534,古交市,district
140212,113.141044,40.258269,新荣区,district
140213,113.298027,40.075667,平城区,district
140214,113.149693,40.005405,云冈区,district
140215,113.61244,40.040295,云州区,district
140221,113.749871,40.364927,阳高县,district
140222,114.09112,40.421336,天镇县,district
140223,114.279252,39.763051,广灵县,district
140224,114.23576,39.438867,灵丘县,district
140225,113.698091,39.699099,浑源县,district
140226,112.70641,40.012873,左云县,district
140302,113.586513,37.860938,城区,district
140303,113.559066,37.870085,矿区,district
140311,113.58664,37.94096,郊区,district
140321,113.631049,37.800289,平定县,district
140322,113.41223,38.086131,盂县,district
140403,113.114107,36.187895,潞州区,district
140404,113.056679,36.052438,上党区,district
140405,112.892741,36.314072,屯留区,district
140406,113.223245,36.332232,潞城区,district
140423,113.050094,36.532854,襄垣县,district
140425,113.438791,36.200202,平顺县,district
140426,113.387366,36.502971,黎城县,district
140427,113.206138,36.110938,壶关县,district
140428,112.884656,36.119484,长子县,district
140429,112.8653,36.834315,武乡县,district
140430,112.70138,36.757123,沁县,district
140431,112.340878,36.500777,沁源县,district
140502,112.853106,35.496641,城区,district
140521,112.187213,35.689472,沁水县,district
140522,112.422014,35.482177,阳城县,district
140524,113.278877,35.775614,陵川县,district
140525,112.899137,35.617221,泽州县,district
140581,112.930691,35.791355,高平市,district
140602,112.428676,39.324525,朔城区,district
140603,112.295227,39.515603,平鲁区,district
140621,112.816396,39.52677,山阴县,district
140622,113.187505,39.559187,应县,district
140623,112.465588,39.988812,右玉县,district
140681,113.100511,39.820789,怀仁市,district
140702,112.740056,37.6976,榆次区,district
140703,112.554103,37.424595,太谷区,district
140721,112.973521,37.069019,榆社县,district
140722,113.377834,37.079672,左权县,district
140723,113.572919,37.327027,和顺县,district
140724,113.706166,37.60437,昔阳县,district
140725,113.177708,37.891136,寿阳县,district
140727,112.330532,37.358739,祁县,district
140728,112.174059,37.195474,平遥县,district
140729,111.772759,36.847469,灵石县,district
140781,111.913857,37.027616,介休市,district
140802,111.000627,35.025643,盐湖区,district
140821,110.77493,35.141883,临猗县,district
140822,110.843561,35.417042,万荣县,district
140823,111.220306,35.353839,闻喜县,district
140824,110.978996,35.600412,稷山县,district
140825,111.225205,35.613697,新绛县,district
140826,111.576182,35.49045,绛县,district
140827,111.67099,35.298293,垣曲县,district
140828,111.223174,35.140441,夏县,district
140829,111.212377,34.837256,平陆县,district
140830,110.69114,34.694769,芮城县,district
140881,110.447984,34.865125,永济市,district
140882,110.710268,35.59715,河津市,district
140902,112.734112,38.417743,忻府区,district
140921,112.963231,38.484948,定襄县,district
140922,113.259012,38.725711,五台县,district
140923,112.962519,39.065138,代县,district
140924,113.267707,39.188104,繁峙县,district
140925,112.307936,39.001718,宁武县,district
140926,111.940231,38.355947,静乐县,district
140927,112.200438,39.088467,神池县,district
140928,111.841015,38.912761,五寨县,district
140929,111.56981,38.705625,岢岚县,district
140930,111.146609,39.381895,河曲县,district
140931,111.085688,39.022576,保德县,district
140932,111.500477,39.442153,偏关县,district
140981,112.713132,38.729186,原平市,district
141002,111.522945,36.080366,尧都区,district
141021,111.475529,35.641387,曲沃县,district
141022,111.713508,35.738621,翼城县,district
141023,111.442932,35.876139,襄汾县,district
141024,111.673692,36.255742,洪洞县,district
141025,111.920207,36.26855,古县,district
141026,112.251372,36.146032,安泽县,district
141027,111.850039,35.971359,浮山县,district
141028,110.682853,36.099355,吉县,district
141029,110.857365,35.975402,乡宁县,district
141030,110.751283,36.46383,大宁县,district
141031,110.935809,36.692675,隰县,district
141032,110.631276,36.760614,永和县,district
141033,111.09733,36.411682,蒲县,district
141034,111.563021,36.653368,汾西县,district
141081,111.371272,35.620302,侯马市,district
141082,111.723103,36.57202,霍州市,district
141102,111.134462,37.524037,离石区,district
141121,112.032595,37.436314,文水县,district
141122,112.159154,37.555155,交城县,district
141123,111.124816,38.464136,兴县,district
141124,110.995963,37.960806,临县,district
141125,110.89613,37.431664,柳林县,district
141126,110.837119,36.999426,石楼县,district
141127,111.671555,38.278654,岚县,district
141128,111.238885,37.892632,方山县,district
141129,111.193319,37.342054,中阳县,district
141130,111.183188,36.983068,交口县,district
141181,111.781568,37.144474,孝义市,district
141182,111.785273,37.267742,汾阳市,district
210102,123.406664,41.788074,和平区,district
210103,123.445696,41.795591,沈河区,district
210104,123.469956,41.808503,大东区,district
210105,123.405677,41.822336,皇姑区,district
210106,123.350664,41.787808,铁西区,district
210111,123.341604,41.665904,苏家屯区,district
210112,123.458981,41.741946,浑南区,district
210113,123.521471,42.052312,沈北新区,district
210114,123.310829,41.795833,于洪区,district
210115,122.731269,41.512725,辽中区,district
210123,123.352703,42.741533,康平县,district
210124,123.416722,42.507045,法库县,district
210181,122.828868,41.996508,新民市,district
210202,121.64376,38.921553,中山区,district
210203,121.616112,38.914266,西岗区,district
210204,121.593702,38.912859,沙河口区,district
210211,121.582614,38.975148,甘井子区,district
210212,121.26713,38.812043,旅顺口区,district
210213,121.789413,39.052745,金州区,district
210214,121.9705,39.401555,普兰店区,district
210224,122.587824,39.272399,长海县,district
210281,122.002656,39.63065,瓦房店市,district
210283,122.970612,39.69829,庄河市,district
210302,122.994475,41.110344,铁东区,district
210303,122.971834,41.11069,铁西区,district
210304,123.024806,41.150622,立山区,district
210311,122.949298,41.068909,千山区,district
210321,122.429736,41.38686,台安县,district
210323,123.28833,40.281509,岫岩满族自治县,district
210381,122.752199,40.852533,海城市,district
210402,123.902858,41.86082,新抚区,district
210403,124.047219,41.866829,东洲区,district
210404,123.801509,41.851803,望花区,district
210411,123.917165,41.881132,顺城区,district
210421,124.097979,41.922644,抚顺县,district
210422,125.037547,41.732456,新宾满族自治县,district
210423,124.927192,42.10135,清原满族自治县,district
210502,123.761231,41.291581,平山区,district
210503,123.765226,41.330056,溪湖区,district
210504,123.763288,41.302429,明山区,district
210505,123.748381,41.104093,南芬区,district
210521,124.126156,41.300344,本溪满族自治县,district
210522,125.359195,41.268997,桓仁满族自治县,district
210602,124.397814,40.136483,元宝区,district
210603,124.361153,40.102801,振兴区,district
210604,124.427709,40.158557,振安区,district
210624,124.784867,40.730412,宽甸满族自治县,district
210681,124.149437,39.883467,东港市,district
210682,124.071067,40.457567,凤城市,district
210702,121.130085,41.115719,古塔区,district
210703,121.151304,41.114662,凌河区,district
210711,121.107297,41.105378,太和区,district
210726,122.117915,41.691804,黑山县,district
210727,121.242831,41.537224,义县,district
210781,121.364236,41.171738,凌海市,district
210782,121.795962,41.598764,北镇市,district
210802,122.253235,40.669949,站前区,district
210803,122.210067,40.663086,西市区,district
210804,122.127242,40.263646,鲅鱼圈区,district
210811,122.382584,40.682723,老边区,district
210881,122.355534,40.405234,盖州市,district
210882,122.505894,40.633973,大石桥市,district
210902,121.657639,42.011162,海州区,district
210903,121.790541,42.086603,新邱区,district
210904,121.677575,42.011145,太平区,district
210905,121.42018,41.780477,清河门区,district
210911,121.654791,42.019218,细河区,district
210921,121.743125,42.058607,阜新蒙古族自治县,district
210922,122.537444,42.384823,彰武县,district
211002,123.172611,41.26745,白塔区,district
211003,123.188227,41.266765,文圣区,district
211004,123.200461,41.205747,宏伟区,district
211005,123.431633,41.157831,弓长岭区,district
211011,123.185336,41.251682,太子河区,district
211021,123.079674,41.216479,辽阳县,district
211081,123.325864,41.427836,灯塔市,district
211102,122.055733,41.190365,双台子区,district
211103,122.071624,41.122423,兴隆台区,district
211104,122.071708,40.994428,大洼区,district
211122,121.98528,41.240701,盘山县,district
211202,123.844877,42.292278,银州区,district
211204,124.14896,42.542978,清河区,district
211221,123.725669,42.223316,铁岭县,district
211223,124.72332,42.738091,西丰县,district
211224,124.11017,42.784441,昌图县,district
211281,123.545366,42.450734,调兵山市,district
211282,124.045551,42.542141,开原市,district
211302,120.44877,41.579389,双塔区,district
211303,120.413376,41.576749,龙城区,district
211321,120.404217,41.526342,朝阳县,district
211322,119.642363,41.402576,建平县,district
211324,119.744883,41.125428,喀喇沁左翼蒙古族自治县,district
211381,120.766951,41.803286,北票市,district
211382,119.404789,41.243086,凌源市,district
211402,120.85937,40.755143,连山区,district
211403,120.838569,40.709991,龙港区,district
211404,120.752314,41.098813,南票区,district
211421,120.342112,40.328407,绥中县,district
211422,119.807776,40.812871,建昌县,district
211481,120.729365,40.619413,兴城市,district
220102,125.337237,43.890235,南关区,district
220103,125.342828,43.903823,宽城区,district
220104,125.318042,43.86491,朝阳区,district
220105,125.384727,43.870824,二道区,district
220106,125.272467,43.892177,绿园区,district
220112,125.659018,43.525168,双阳区,district
220113,125.844682,44.157155,九台区,district
220122,125.175287,44.431258,农安县,district
220182,126.550107,44.827642,榆树市,district
220183,125.703327,44.533909,德惠市,district
220184,124.817588,43.509474,公主岭市,district
220202,126.570766,43.851118,昌邑区,district
220203,126.561429,43.909755,龙潭区,district
220204,126.55239,43.843804,船营区,district
220211,126.560759,43.816594,丰满区,district
220221,126.501622,43.667416,永吉县,district
220281,127.342739,43.720579,蛟河市,district
220282,126.745445,42.972093,桦甸市,district
220283,126.947813,44.410906,舒兰市,district
220284,126.059929,42.942476,磐石市,district
220302,124.360894,43.176263,铁西区,district
220303,124.388464,43.16726,铁东区,district
220322,124.335802,43.30831,梨树县,district
220323,125.303124,43.345464,伊通满族自治县,district
220382,123.505283,43.518275,双辽市,district
220402,125.145164,42.902702,龙山区,district
220403,125.151424,42.920415,西安区,district
220421,125.529623,42.675228,东丰县,district
220422,124.991995,42.927724,东辽县,district
220502,125.936716,41.721233,东昌区,district
220503,126.045987,41.777564,二道江区,district
220521,125.753121,41.677918,通化县,district
220523,126.042821,42.683459,辉南县,district
220524,125.740536,42.281484,柳河县,district
220581,125.687336,42.530002,梅河口市,district
220582,126.186204,41.126276,集安市,district
220602,126.428035,41.943065,浑江区,district
220605,126.584229,42.048109,江源区,district
220621,127.273796,42.332643,抚松县,district
220622,126.808386,42.389689,靖宇县,district
220623,128.203384,41.419361,长白朝鲜族自治县,district
220681,126.919296,41.810689,临江市,district
220702,124.827851,45.176498,宁江区,district
220721,124.826808,45.116288,前郭尔罗斯蒙古族自治县,district
220722,123.985184,44.276579,长岭县,district
220723,124.024361,45.006846,乾安县,district
220781,126.042758,44.986199,扶余市,district
220802,122.842499,45.619253,洮北区,district
220821,123.202246,45.846089,镇赉县,district
220822,123.088543,44.80915,通榆县,district
220881,122.783779,45.339113,洮南市,district
220882,124.291512,45.507648,大安市,district
222401,129.51579,42.906964,延吉市,district
222402,129.846701,42.966621,图们市,district
222403,128.22986,43.366921,敦化市,district
222404,130.365787,42.871057,珲春市,district
222405,129.425747,42.771029,龙井市,district
222406,129.008748,42.547004,和龙市,district
222424,129.766161,43.315426,汪清县,district
222426,128.901865,43.110994,安图县,district
230102,126.612532,45.762035,道里区,district
230103,126.652098,45.755971,南岗区,district
230104,126.648838,45.78454,道外区,district
230108,126.629257,45.605567,平房区,district
230109,126.563066,45.814656,松北区,district
230110,126.667049,45.713067,香坊区,district
230111,126.603302,45.98423,呼兰区,district
230112,126.972726,45.538372,阿城区,district
230113,126.308784,45.377942,双城区,district
230123,129.565594,46.315105,依兰县,district
230124,128.836131,45.839536,方正县,district
230125,127.48594,45.759369,宾县,district
230126,127.403602,46.081889,巴彦县,district
230127,128.042675,45.949826,木兰县,district
230128,128.747786,45.977618,通河县,district
230129,128.331886,45.455648,延寿县,district
230183,127.968539,45.214953,尚志市,district
230184,127.15759,44.919418,五常市,district
230202,123.957338,47.341736,龙沙区,district
230203,123.955888,47.354494,建华区,district
230204,123.973555,47.339499,铁锋区,district
230205,123.813181,47.156867,昂昂溪区,district
230206,123.638873,47.20697,富拉尔基区,district
230207,122.887972,47.51401,碾子山区,district
230208,123.754599,47.311113,梅里斯达斡尔族区,district
230221,123.187225,47.336388,龙江县,district
230223,125.307561,47.890098,依安县,district
230224,123.41953,46.39233,泰来县,district
230225,123.506034,47.917838,甘南县,district
230227,124.469106,47.797172,富裕县,district
230229,125.874355,48.034342,克山县,district
230230,126.249094,48.03732,克东县,district
230231,126.091911,47.607363,拜泉县,district
230281,124.882172,48.481133,讷河市,district
230302,130.974374,45.30034,鸡冠区,district
230303,130.910636,45.213242,恒山区,district
230304,130.846823,45.348812,滴道区,district
230305,130.697781,45.092195,梨树区,district
230306,131.010501,45.338248,城子河区,district
230307,130.481126,45.209607,麻山区,district
230321,131.148907,45.250892,鸡东县,district
230381,132.973881,45.767985,虎林市,district
230382,131.874137,45.54725,密山市,district
230402,130.292478,47.345372,向阳区,district
230403,130.276652,47.331678,工农区,district
230404,130.275533,47.31324,南山区,district
230405,130.236169,47.252911,兴安区,district
230406,130.31714,47.337385,东山区,district
230407,130.30534,47.35997,兴山区,district
230421,130.829087,47.577577,萝北县,district
230422,131.860526,47.289892,绥滨县,district
230502,131.15896,46.642961,尖山区,district
230503,131.163675,46.591076,岭东区,district
230505,131.333181,46.594347,四方台区,district
230506,131.404294,46.573366,宝山区,district
230521,131.13933,46.72898,集贤县,district
230522,131.810622,46.775159,友谊县,district
230523,132.206415,46.328781,宝清县,district
230524,134.021162,46.801288,饶河县,district
230602,125.114643,46.596356,萨尔图区,district
230603,125.145794,46.573948,龙凤区,district
230604,124.868341,46.653254,让胡路区,district
230605,124.889528,46.403049,红岗区,district
230606,124.818509,46.034304,大同区,district
230621,125.273254,45.708685,肇州县,district
230622,125.081974,45.518832,肇源县,district
230623,124.877742,47.186411,林甸县,district
230624,124.446259,46.865973,杜尔伯特蒙古族自治县,district
230717,128.907303,47.728171,伊美区,district
230718,128.669859,47.726728,乌翠区,district
230719,128.84075,47.853778,友好区,district
230722,130.397684,48.891378,嘉荫县,district
230723,129.571108,48.454651,汤旺县,district
230724,129.5336,48.290455,丰林县,district
230725,129.020793,47.028397,大箐山县,district
230726,129.28246,47.137314,南岔县,district
230751,129.429117,47.413074,金林区,district
230781,128.030561,46.985772,铁力市,district
230803,130.361786,46.809645,向阳区,district
230804,130.377684,46.812345,前进区,district
230805,130.403297,46.822476,东风区,district
230811,130.351588,46.80712,郊区,district
230822,130.570112,46.240118,桦南县,district
230826,130.723713,47.023039,桦川县,district
230828,129.904463,46.730048,汤原县,district
230881,132.510119,47.651131,同江市,district
230882,132.037951,47.250747,富锦市,district
230883,134.294501,48.364707,抚远市,district
230902,130.889482,45.794258,新兴区,district
230903,131.015848,45.771217,桃山区,district
230904,131.071561,45.776587,茄子河区,district
230921,130.575025,45.751573,勃利县,district
231002,129.623292,44.582399,东安区,district
231003,129.634645,44.596328,阳明区,district
231004,129.601232,44.595443,爱民区,district
231005,129.61311,44.581032,西安区,district
231025,130.268402,45.286645,林口县,district
231081,131.164856,44.396864,绥芬河市,district
231083,129.387902,44.574149,海林市,district
231084,129.470019,44.346836,宁安市,district
231085,130.527085,44.91967,穆棱市,district
231086,131.125296,44.063578,东宁市,district
231102,127.497639,50.249027,爱辉区,district
231123,128.476152,49.582974,逊克县,district
231124,127.327315,49.423941,孙吴县,district
231181,126.508737,48.245437,北安市,district
231182,126.197694,48.512688,五大连池市,district
231183,125.229904,49.177461,嫩江市,district
231202,126.990665,46.634912,北林区,district
231221,126.484191,46.83352,望奎县,district
231222,126.289315,46.259037,兰西县,district
231223,126.112268,46.686596,青冈县,district
231224,127.510024,46.879203,庆安县,district
231225,125.907544,47.183527,明水县,district
231226,127.111121,47.247195,绥棱县,district
231281,125.329926,46.410614,安达市,district
231282,125.991402,46.069471,肇东市,district
231283,126.969383,47.460428,海伦市,district
232701,122.536256,52.972074,漠河市,district
232718,124.126716,50.424654,加格达奇区,district
232721,126.662105,51.726998,呼玛县,district
232722,124.710516,52.335229,塔河县,district
320205,120.357298,31.585559,锡山区,district
320206,120.303543,31.681019,惠山区,district
320211,120.266053,31.550228,滨湖区,district
320213,120.296595,31.575706,梁溪区,district
320214,120.352782,31.550966,新吴区,district
320281,120.275891,31.910984,江阴市,district
320282,119.820538,31.364384,宜兴市,district
320302,117.192941,34.269397,鼓楼区,district
320303,117.194589,34.254805,云龙区,district
320305,117.450212,34.441642,贾汪区,district
320311,117.182225,34.262249,泉山区,district
320312,117.183894,34.19288,铜山区,district
320321,116.592888,34.696946,丰县,district
320322,116.937182,34.729044,沛县,district
320324,117.95066,33.899222,睢宁县,district
320381,118.345828,34.368779,新沂市,district
320382,117.963923,34.314708,邳州市,district
320402,119.963783,31.779632,天宁区,district
320404,119.948388,31.78096,钟楼区,district
320411,119.974654,31.824664,新北区,district
320412,119.958773,31.718566,武进区,district
320413,119.573395,31.744399,金坛区,district
320481,119.487816,31.427081,溧阳市,district
320505,120.566833,31.294845,虎丘区,district
320506,120.624621,31.270839,吴中区,district
320507,120.618956,31.396684,相城区,district
320508,120.622249,31.311414,姑苏区,district
320509,120.641601,31.160404,吴江区,district
320581,120.74852,31.658156,常熟市,district
320582,120.543441,31.865553,张家港市,district
320583,120.958137,31.381925,昆山市,district
320585,121.112275,31.452568,太仓市,district
320602,120.86635,32.015278,崇川区,district
320612,121.073171,32.084287,通州区,district
320623,121.186088,32.311832,如东县,district
320681,121.659724,31.810158,启东市,district
320682,120.566324,32.391591,如皋市,district
320684,121.176609,31.893528,海门区,district
320685,120.465995,32.540288,海安市,district
320703,119.366487,34.739529,连云区,district
320706,119.179793,34.601584,海州区,district
320707,119.128774,34.839154,赣榆区,district
320722,118.766489,34.522859,东海县,district
320723,119.255741,34.298436,灌云县,district
320724,119.352331,34.092553,灌南县,district
320803,119.14634,33.507499,淮安区,district
320804,119.020817,33.622452,淮阴区,district
320812,119.019454,33.603234,清江浦区,district
320813,118.867875,33.294975,洪泽区,district
320826,119.266078,33.771308,涟水县,district
320830,118.493823,33.00439,盱眙县,district
320831,119.016936,33.018162,金湖县,district
320902,120.136078,33.383912,亭湖区,district
320903,120.139753,33.341288,盐都区,district
320904,120.470324,33.199531,大丰区,district
320921,119.579573,34.19996,响水县,district
320922,119.828434,33.989888,滨海县,district
320923,119.805338,33.78573,阜宁县,district
320924,120.257444,33.773779,射阳县,district
320925,119.793105,33.472621,建湖县,district
320981,120.314101,32.853174,东台市,district
321002,119.442267,32.392154,广陵区,district
321003,119.397777,32.377899,邗江区,district
321012,119.567481,32.426564,江都区,district
321023,119.321284,33.23694,宝应县,district
321081,119.182443,32.271965,仪征市,district
321084,119.443842,32.785164,高邮市,district
321102,119.454571,32.206191,京口区,district
321111,119.414877,32.213501,润州区,district
321112,119.433883,32.128972,丹徒区,district
321181,119.581911,31.991459,丹阳市,district
321182,119.828054,32.237266,扬中市,district
321183,119.167135,31.947355,句容市,district
321202,119.920187,32.488406,海陵区,district
321203,119.88166,32.315701,高港区,district
321204,120.148208,32.508483,姜堰区,district
321281,119.840162,32.938065,兴化市,district
321282,120.26825,32.018168,靖江市,district
321283,120.020228,32.168784,泰兴市,district
321302,118.278984,33.937726,宿城区,district
321311,118.330012,33.941071,宿豫区,district
321322,118.775889,34.129097,沭阳县,district
321323,118.681284,33.711433,泗阳县,district
321324,118.211824,33.456538,泗洪县,district
330102,120.171465,30.250236,上城区,district
330105,120.150053,30.314697,拱墅区,district
330106,120.147376,30.272934,西湖区,district
330108,120.21062,30.206615,滨江区,district
330109,120.27069,30.162932,萧山区,district
330110,119.978959,30.27365,余杭区,district
330111,119.949869,30.049871,富阳区,district
330112,119.715101,30.231153,临安区,district
330114,120.493972,30.322904,钱塘区,district
330113,120.299376,30.419025,临平区,district
330122,119.685045,29.797437,桐庐县,district
330127,119.044276,29.604177,淳安县,district
330182,119.279089,29.472284,建德市,district
330203,121.539698,29.874452,海曙区,district
330205,121.559282,29.888361,江北区,district
330206,121.831303,29.90944,北仑区,district
330211,121.713162,29.952107,镇海区,district
330212,121.558436,29.831662,鄞州区,district
330213,121.41089,29.662348,奉化区,district
330225,121.877091,29.470206,象山县,district
330226,121.432606,29.299836,宁海县,district
330281,121.156294,30.045404,余姚市,district
330282,121.248052,30.177142,慈溪市,district
330302,120.674231,28.003352,鹿城区,district
330303,120.763469,27.970254,龙湾区,district
330304,120.637145,28.006444,瓯海区,district
330305,121.156181,27.836057,洞头区,district
330324,120.690968,28.153886,永嘉县,district
330326,120.564387,27.6693,平阳县,district
330327,120.406256,27.507743,苍南县,district
330328,120.09245,27.789133,文成县,district
330329,119.71624,27.557309,泰顺县,district
330381,120.646171,27.779321,瑞安市,district
330382,120.967147,28.116083,乐清市,district
330383,120.553039,27.578156,龙港市,district
330402,120.749953,30.764652,南湖区,district
330411,120.720431,30.763323,秀洲区,district
330421,120.921871,30.841352,嘉善县,district
330424,120.942017,30.522223,海盐县,district
330481,120.688821,30.525544,海宁市,district
330482,121.014666,30.698921,平湖市,district
330483,120.551085,30.629065,桐乡市,district
330502,120.101416,30.867252,吴兴区,district
330503,120.417195,30.872742,南浔区,district
330521,119.967662,30.534927,德清县,district
330522,119.910122,31.00475,长兴县,district
330523,119.687891,30.631974,安吉县,district
330602,120.585315,29.996993,越城区,district
330603,120.476075,30.078038,柯桥区,district
330604,120.874185,30.016769,上虞区,district
330624,120.905665,29.501205,新昌县,district
330681,120.244326,29.713662,诸暨市,district
330683,120.82888,29.586606,嵊州市,district
330702,119.652579,29.082607,婺城区,district
330703,119.681264,29.095835,金东区,district
330723,119.819159,28.896563,武义县,district
330726,119.893363,29.451254,浦江县,district
330727,120.44513,29.052627,磐安县,district
330781,119.460521,29.210065,兰溪市,district
330782,120.074911,29.306863,义乌市,district
330783,120.23334,29.262546,东阳市,district
330784,120.036328,28.895293,永康市,district
330802,118.873041,28.944539,柯城区,district
330803,118.957683,28.973195,衢江区,district
330822,118.521654,28.900039,常山县,district
330824,118.414435,29.136503,开化县,district
330825,119.172525,29.031364,龙游县,district
330881,118.627879,28.734674,江山市,district
330902,122.108496,30.016423,定海区,district
330903,122.301953,29.945614,普陀区,district
330921,122.201132,30.242865,岱山县,district
330922,122.457809,30.727166,嵊泗县,district
331002,121.431049,28.67615,椒江区,district
331003,121.262138,28.64488,黄岩区,district
331004,121.37292,28.581799,路桥区,district
331022,121.376429,29.118955,三门县,district
331023,121.031227,29.141126,天台县,district
331024,120.735074,28.849213,仙居县,district
331081,121.373611,28.368781,温岭市,district
331082,121.131229,28.845441,临海市,district
331083,121.232337,28.12842,玉环市,district
331102,119.922293,28.451103,莲都区,district
331121,120.291939,28.135247,青田县,district
331122,120.078965,28.654208,缙云县,district
331123,119.27589,28.5924,遂昌县,district
331124,119.485292,28.449937,松阳县,district
331125,119.569458,28.111077,云和县,district
331126,119.067233,27.618231,庆元县,district
331127,119.634669,27.977247,景宁畲族自治县,district
331181,119.132319,28.069177,龙泉市,district
340102,117.315358,31.86961,瑶海区,district
340103,117.283776,31.869011,庐阳区,district
340104,117.262072,31.855868,蜀山区,district
340111,117.285751,31.82956,包河区,district
340121,117.164699,32.478548,长丰县,district
340122,117.463222,31.883992,肥东县,district
340123,117.166118,31.719646,肥西县,district
340124,117.289844,31.251488,庐江县,district
340181,117.874155,31.600518,巢湖市,district
340202,118.376343,31.32559,镜湖区,district
340207,118.400174,31.362716,鸠江区,district
340209,118.377476,31.313394,弋江区,district
340210,118.572301,31.145262,湾沚区,district
340211,118.201349,31.080896,繁昌区,district
340223,118.337104,30.919638,南陵县,district
340281,117.911432,31.303075,无为市,district
340302,117.382312,32.950452,龙子湖区,district
340303,117.355789,32.938066,蚌山区,district
340304,117.35259,32.931933,禹会区,district
340311,117.34709,32.963147,淮上区,district
340321,117.200171,32.956934,怀远县,district
340322,117.888809,33.146202,五河县,district
340323,117.315962,33.318679,固镇县,district
340402,117.052927,32.632066,大通区,district
340403,117.018318,32.644342,田家庵区,district
340404,116.865354,32.598289,谢家集区,district
340405,116.841111,32.628229,八公山区,district
340406,116.816879,32.782117,潘集区,district
340421,116.722769,32.705382,凤台县,district
340422,116.785349,32.577304,寿县,district
340503,118.511308,31.69902,花山区,district
340504,118.493104,31.685912,雨山区,district
340506,118.843742,31.562321,博望区,district
340521,118.489873,31.556167,当涂县,district
340522,118.105545,31.727758,含山县,district
340523,118.362998,31.716634,和县,district
340602,116.833925,33.991218,杜集区,district
340603,116.790775,33.970916,相山区,district
340604,116.809465,33.889529,烈山区,district
340621,116.767435,33.916407,濉溪县,district
340705,117.816167,30.927613,铜官区,district
340706,117.792288,30.952338,义安区,district
340711,117.80707,30.908927,郊区,district
340722,117.222027,30.700615,枞阳县,district
340802,117.044965,30.506375,迎江区,district
340803,117.034512,30.505632,大观区,district
340811,117.070003,30.541323,宜秀区,district
340822,116.828664,30.734994,怀宁县,district
340825,116.305225,30.451869,太湖县,district
340826,116.120204,30.158327,宿松县,district
340827,116.690927,30.12491,望江县,district
340828,116.360482,30.848502,岳西县,district
340881,116.959656,31.050576,桐城市,district
340882,116.573665,30.638222,潜山市,district
341002,118.317354,29.709186,屯溪区,district
341003,118.136639,30.294517,黄山区,district
341004,118.339743,29.825201,徽州区,district
341021,118.428025,29.867748,歙县,district
341022,118.188531,29.788878,休宁县,district
341023,117.942911,29.923812,黟县,district
341024,117.717237,29.853472,祁门县,district
341102,118.316475,32.303797,琅琊区,district
341103,118.296955,32.329841,南谯区,district
341122,118.433293,32.450231,来安县,district
341124,118.268576,32.09385,全椒县,district
341125,117.683713,32.527105,定远县,district
341126,117.562461,32.867146,凤阳县,district
341181,119.011212,32.6815,天长市,district
341182,117.998048,32.781206,明光市,district
341202,115.813914,32.891238,颍州区,district
341203,115.858747,32.908861,颍东区,district
341204,115.804525,32.924797,颍泉区,district
341221,115.261688,33.062698,临泉县,district
341222,115.627243,33.16229,太和县,district
341225,115.590534,32.638102,阜南县,district
341226,116.259122,32.637065,颍上县,district
341282,115.362117,33.26153,界首市,district
341302,116.983309,33.633853,埇桥区,district
341321,116.351113,34.426247,砀山县,district
341322,116.945399,34.183266,萧县,district
341323,117.551493,33.540629,灵璧县,district
341324,117.885443,33.47758,泗县,district
341502,116.503288,31.754491,金安区,district
341503,116.494543,31.750692,裕安区,district
341504,115.913594,31.84768,叶集区,district
341522,116.278875,32.341305,霍邱县,district
341523,116.944088,31.462848,舒城县,district
341524,115.878514,31.681624,金寨县,district
341525,116.333078,31.402456,霍山县,district
341602,115.781214,33.869284,谯城区,district
341621,116.211551,33.502831,涡阳县,district
341622,116.560337,33.260814,蒙城县,district
341623,116.207782,33.143503,利辛县,district
341702,117.488342,30.657378,贵池区,district
341721,117.021476,30.096568,东至县,district
341722,117.482907,30.210324,石台县,district
341723,117.857395,30.63818,青阳县,district
341802,118.758412,30.946003,宣州区,district
341821,119.185024,31.127834,郎溪县,district
341823,118.412397,30.685975,泾县,district
341824,118.594705,30.065267,绩溪县,district
341825,118.543081,30.288057,旌德县,district
341881,118.983407,30.626529,宁国市,district
341882,119.417521,30.893116,广德市,district
350102,119.29929,26.082284,鼓楼区,district
350103,119.310156,26.058616,台江区,district
350104,119.320988,26.038912,仓山区,district
350105,119.458725,25.991975,马尾区,district
350111,119.328597,26.078837,晋安区,district
350112,119.510849,25.960583,长乐区,district
350121,119.145117,26.148567,闽侯县,district
350122,119.538365,26.202109,连江县,district
350123,119.552645,26.487234,罗源县,district
350124,118.868416,26.223793,闽清县,district
350125,118.939089,25.864825,永泰县,district
350128,119.791197,25.503672,平潭县,district
350181,119.376992,25.720402,福清市,district
350302,119.001028,25.433737,城厢区,district
350303,119.119102,25.459273,涵江区,district
350304,119.020047,25.430047,荔城区,district
350305,119.092607,25.316141,秀屿区,district
350322,118.694331,25.356529,仙游县,district
350403,117.607418,26.234191,三元区,district
350421,117.201845,26.357375,明溪县,district
350423,116.815821,26.17761,清流县,district
350424,116.659725,26.259932,宁化县,district
350425,117.849355,25.690803,大田县,district
350426,118.188577,26.169261,尤溪县,district
350427,117.789095,26.397361,沙县区,district
350428,117.473558,26.728667,将乐县,district
350429,117.177522,26.897995,泰宁县,district
350430,116.845832,26.831398,建宁县,district
350481,117.364447,25.974075,永安市,district
350502,118.588929,24.907645,鲤城区,district
350503,118.605147,24.896041,丰泽区,district
350504,118.670312,24.941153,洛江区,district
350505,118.912285,25.126859,泉港区,district
350521,118.798954,25.028718,惠安县,district
350524,118.186014,25.056824,安溪县,district
350525,118.29503,25.320721,永春县,district
350526,118.242986,25.489004,德化县,district
350527,118.323221,24.436417,金门县,district
350581,118.628402,24.731978,石狮市,district
350582,118.577338,24.807322,晋江市,district
350583,118.387031,24.959494,南安市,district
350602,117.656461,24.509955,芗城区,district
350603,117.671387,24.515656,龙文区,district
350622,117.340946,23.950486,云霄县,district
350623,117.614023,24.117907,漳浦县,district
350624,117.176083,23.710834,诏安县,district
350625,117.755913,24.621475,长泰区,district
350626,117.427679,23.702845,东山县,district
350627,117.365462,24.516425,南靖县,district
350628,117.313549,24.366158,平和县,district
350629,117.53631,25.001416,华安县,district
350681,117.817292,24.445341,龙海区,district
350702,118.178918,26.636079,延平区,district
350703,118.12267,27.332067,建阳区,district
350721,117.80771,26.792851,顺昌县,district
350722,118.536822,27.920412,浦城县,district
350723,117.337897,27.542803,光泽县,district
350724,118.783491,27.525785,松溪县,district
350725,118.858661,27.365398,政和县,district
350781,117.491544,27.337952,邵武市,district
350782,118.032796,27.751733,武夷山市,district
350783,118.321765,27.03502,建瓯市,district
350802,117.030721,25.0918,新罗区,district
350803,116.732691,24.720442,永定区,district
350821,116.361007,25.842278,长汀县,district
350823,116.424774,25.050019,上杭县,district
350824,116.100928,25.08865,武平县,district
350825,116.756687,25.708506,连城县,district
350881,117.42073,25.291597,漳平市,district
350902,119.527225,26.659253,蕉城区,district
350921,120.005214,26.882068,霞浦县,district
350922,118.743156,26.577491,古田县,district
350923,118.987544,26.910826,屏南县,district
350924,119.506733,27.457798,寿宁县,district
350925,119.338239,27.103106,周宁县,district
350926,119.898226,27.236163,柘荣县,district
350981,119.650798,27.084246,福安市,district
350982,120.219761,27.318884,福鼎市,district
360102,115.889675,28.682988,东湖区,district
360103,115.91065,28.662901,西湖区,district
360104,115.907292,28.635724,青云谱区,district
360111,115.949044,28.689292,青山湖区,district
360112,115.820806,28.690788,新建区,district
360113,115.8580521,28.69819928,红谷滩区,district
360121,115.942465,28.543781,南昌县,district
360123,115.553109,28.841334,安义县,district
360124,116.267671,28.365681,进贤县,district
360202,117.195023,29.288465,昌江区,district
360203,117.214814,29.292812,珠山区,district
360222,117.217611,29.352251,浮梁县,district
360281,117.129376,28.967361,乐平市,district
360302,113.855044,27.625826,安源区,district
360313,113.7456,27.639319,湘东区,district
360321,113.955582,27.127807,莲花县,district
360322,113.800525,27.877041,上栗县,district
360323,114.041206,27.633633,芦溪县,district
360402,115.99012,29.676175,濂溪区,district
360403,115.995947,29.72465,浔阳区,district
360404,115.892977,29.610264,柴桑区,district
360423,115.105646,29.260182,武宁县,district
360424,114.573428,29.032729,修水县,district
360425,115.809055,29.018212,永修县,district
360426,115.762611,29.327474,德安县,district
360428,116.205114,29.275105,都昌县,district
360429,116.244313,29.7263,湖口县,district
360430,116.55584,29.898865,彭泽县,district
360481,115.669081,29.676599,瑞昌市,district
360482,115.805712,29.247884,共青城市,district
360483,116.043743,29.456169,庐山市,district
360502,114.923923,27.819171,渝水区,district
360521,114.675262,27.811301,分宜县,district
360602,117.034112,28.239076,月湖区,district
360603,116.822763,28.206177,余江区,district
360681,117.212103,28.283693,贵溪市,district
360702,114.93872,25.851367,章贡区,district
360703,114.756933,25.661721,南康区,district
360704,115.018461,25.865432,赣县区,district
360722,114.930893,25.38023,信丰县,district
360723,114.362243,25.395937,大余县,district
360724,114.540537,25.794284,上犹县,district
360725,114.307348,25.687911,崇义县,district
360726,115.392328,25.134591,安远县,district
360728,115.03267,24.774277,定南县,district
360729,114.531589,24.742651,全南县,district
360730,116.018782,26.472054,宁都县,district
360731,115.411198,25.955033,于都县,district
360732,115.351896,26.330489,兴国县,district
360733,115.791158,25.599125,会昌县,district
360734,115.651399,24.954136,寻乌县,district
360735,116.342249,26.326582,石城县,district
360781,116.034854,25.875278,瑞金市,district
360783,114.792657,24.90476,龙南市,district
360802,114.987331,27.112367,吉州区,district
360803,115.016306,27.105879,青原区,district
360821,114.905117,27.040042,吉安县,district
360822,115.134569,27.213445,吉水县,district
360823,115.319331,27.580862,峡江县,district
360824,115.399294,27.755758,新干县,district
360825,115.435559,27.321087,永丰县,district
360826,114.901393,26.790164,泰和县,district
360827,114.51689,26.323705,遂川县,district
360828,114.784694,26.462085,万安县,district
360829,114.61384,27.382746,安福县,district
360830,114.242534,26.944721,永新县,district
360881,114.284421,26.745919,井冈山市,district
360902,114.387379,27.800117,袁州区,district
360921,115.389899,28.700672,奉新县,district
360922,114.449012,28.104528,万载县,district
360923,114.932653,28.234789,上高县,district
360924,114.787381,28.388289,宜丰县,district
360925,115.361744,28.86054,靖安县,district
360926,114.37014,28.520956,铜鼓县,district
360981,115.786005,28.191584,丰城市,district
360982,115.543388,28.055898,樟树市,district
360983,115.381527,28.420951,高安市,district
361002,116.361404,27.981919,临川区,district
361003,116.605341,28.2325,东乡区,district
361021,116.63945,27.55531,南城县,district
361022,116.91457,27.292561,黎川县,district
361023,116.532994,27.210132,南丰县,district
361024,116.059109,27.760907,崇仁县,district
361025,115.838432,27.420101,乐安县,district
361026,116.223023,27.546512,宜黄县,district
361027,116.778751,27.907387,金溪县,district
361028,117.066095,27.70653,资溪县,district
361030,116.327291,26.838426,广昌县,district
361102,117.970522,28.445378,信州区,district
361103,118.189852,28.440285,广丰区,district
361104,117.90612,28.453897,广信区,district
361123,118.244408,28.673479,玉山县,district
361124,117.711906,28.310892,铅山县,district
361125,117.608247,28.415103,横峰县,district
361126,117.435002,28.402391,弋阳县,district
361127,116.691072,28.69173,余干县,district
361128,116.673748,28.993374,鄱阳县,district
361129,117.07015,28.692589,万年县,district
361130,117.86219,29.254015,婺源县,district
361181,117.578732,28.945034,德兴市,district
370102,117.03862,36.664169,历下区,district
370103,116.99898,36.657354,市中区,district
370104,116.947921,36.668205,槐荫区,district
370105,116.996086,36.693374,天桥区,district
370112,117.063744,36.681744,历城区,district
370113,116.74588,36.561049,长清区,district
370114,117.54069,36.71209,章丘区,district
370115,117.176035,36.976771,济阳区,district
370116,117.675808,36.214395,莱芜区,district
370117,117.82033,36.058038,钢城区,district
370124,116.455054,36.286923,平阴县,district
370126,117.156369,37.310544,商河县,district
370202,120.395966,36.070892,市南区,district
370203,120.355026,36.083819,市北区,district
370211,119.995518,35.875138,黄岛区,district
370212,120.467393,36.102569,崂山区,district
370213,120.421236,36.160023,李沧区,district
370214,120.389135,36.306833,城阳区,district
370215,120.447352,36.390847,即墨区,district
370281,120.006202,36.285878,胶州市,district
370283,119.959012,36.788828,平度市,district
370285,120.526226,36.86509,莱西市,district
370302,117.967696,36.647272,淄川区,district
370303,118.053521,36.807049,张店区,district
370304,117.85823,36.497567,博山区,district
370305,118.306018,36.816657,临淄区,district
370306,117.851036,36.803699,周村区,district
370321,118.101556,36.959773,桓台县,district
370322,117.829839,37.169581,高青县,district
370323,118.166161,36.186282,沂源县,district
370402,117.557281,34.856651,市中区,district
370403,117.265293,34.79789,薛城区,district
370404,117.586316,34.767713,峄城区,district
370405,117.734747,34.564815,台儿庄区,district
370406,117.458968,35.096077,山亭区,district
370481,117.162098,35.088498,滕州市,district
370502,118.507543,37.461567,东营区,district
370503,118.529613,37.886015,河口区,district
370505,118.551314,37.588679,垦利区,district
370522,118.248854,37.493365,利津县,district
370523,118.407522,37.05161,广饶县,district
370602,121.385877,37.540925,芝罘区,district
370611,121.264741,37.496875,福山区,district
370612,121.60151,37.388356,牟平区,district
370613,121.448866,37.473549,莱山区,district
370614,120.759074,37.811045,蓬莱区,district
370681,120.528328,37.648446,龙口市,district
370682,120.711151,36.977037,莱阳市,district
370683,119.942135,37.182725,莱州市,district
370685,120.403142,37.364919,招远市,district
370686,120.834097,37.305854,栖霞市,district
370687,121.168392,36.780657,海阳市,district
370702,119.103784,36.710062,潍城区,district
370703,119.207866,36.772103,寒亭区,district
370704,119.166326,36.654616,坊子区,district
370705,119.137357,36.709494,奎文区,district
370724,118.539876,36.516371,临朐县,district
370725,118.839995,36.703253,昌乐县,district
370781,118.484693,36.697855,青州市,district
370782,119.403182,35.997093,诸城市,district
370783,118.736451,36.874411,寿光市,district
370784,119.206886,36.427417,安丘市,district
370785,119.757033,36.37754,高密市,district
370786,119.394502,36.854937,昌邑市,district
370811,116.595261,35.414828,任城区,district
370812,116.828996,35.556445,兖州区,district
370826,117.12861,34.809525,微山县,district
370827,116.650023,34.997706,鱼台县,district
370828,116.310364,35.06977,金乡县,district
370829,116.342885,35.398098,嘉祥县,district
370830,116.487146,35.721746,汶上县,district
370831,117.273605,35.653216,泗水县,district
370832,116.08963,35.801843,梁山县,district
370881,116.991885,35.592788,曲阜市,district
370883,116.96673,35.405259,邹城市,district
370902,117.129984,36.189313,泰山区,district
370911,117.04353,36.1841,岱岳区,district
370921,116.799297,35.76754,宁阳县,district
370923,116.461052,35.930467,东平县,district
370982,117.766092,35.910387,新泰市,district
370983,116.763703,36.1856,肥城市,district
371002,122.116189,37.510754,环翠区,district
371003,122.057139,37.196211,文登区,district
371082,122.422896,37.160134,荣成市,district
371083,121.536346,36.919622,乳山市,district
371102,119.457703,35.426152,东港区,district
371103,119.315844,35.119794,岚山区,district
371121,119.206745,35.751936,五莲县,district
371122,118.832859,35.588115,莒县,district
371302,118.327667,35.061631,兰山区,district
371311,118.284795,34.997204,罗庄区,district
371312,118.398296,35.085004,河东区,district
371321,118.455395,35.547002,沂南县,district
371322,118.342963,34.614741,郯城县,district
371323,118.634543,35.787029,沂水县,district
371324,118.049968,34.855573,兰陵县,district
371325,117.968869,35.269174,费县,district
371326,117.631884,35.511519,平邑县,district
371327,118.838322,35.175911,莒南县,district
371328,117.943271,35.712435,蒙阴县,district
371329,118.648379,34.917062,临沭县,district
371402,116.307076,37.453923,德城区,district
371403,116.574929,37.332848,陵城区,district
371422,116.79372,37.649619,宁津县,district
371423,117.390507,37.777724,庆云县,district
371424,116.867028,37.192044,临邑县,district
371425,116.758394,36.795497,齐河县,district
371426,116.433904,37.164465,平原县,district
371427,116.003816,36.950501,夏津县,district
371428,116.078627,37.209527,武城县,district
371481,117.216657,37.729115,乐陵市,district
371482,116.642554,36.934485,禹城市,district
371502,115.980023,36.45606,东昌府区,district
371503,116.25335,36.591934,茌平区,district
371521,115.784287,36.113708,阳谷县,district
371522,115.667291,36.237597,莘县,district
371524,116.248855,36.336004,东阿县,district
371525,115.444808,36.483753,冠县,district
371526,116.229662,36.859755,高唐县,district
371581,115.713462,36.842598,临清市,district
371602,118.020149,37.384842,滨城区,district
371603,118.129902,37.698456,沾化区,district
371621,117.508941,37.483876,惠民县,district
371622,117.581326,37.640492,阳信县,district
371623,117.616325,37.740848,无棣县,district
371625,118.123096,37.147002,博兴县,district
371681,117.736807,36.87803,邹平市,district
371702,115.470946,35.24311,牡丹区,district
371703,115.569601,35.072701,定陶区,district
371721,115.549482,34.823253,曹县,district
371722,116.08262,34.790851,单县,district
371723,115.897349,34.947366,成武县,district
371724,116.089341,35.390999,巨野县,district
371725,115.93885,35.594773,郓城县,district
371726,115.51434,35.560257,鄄城县,district
371728,115.098412,35.289637,东明县,district
410102,113.611576,34.748286,中原区,district
410103,113.645422,34.730936,二七区,district
410104,113.685313,34.746453,管城回族区,district
410105,113.686037,34.775838,金水区,district
410106,113.298282,34.808689,上街区,district
410108,113.61836,34.828591,惠济区,district
410122,114.022521,34.721976,中牟县,district
410181,112.98283,34.75218,巩义市,district
410182,113.391523,34.789077,荥阳市,district
410183,113.380616,34.537846,新密市,district
410184,113.73967,34.394219,新郑市,district
410185,113.037768,34.459939,登封市,district
410202,114.353348,34.799833,龙亭区,district
410203,114.364875,34.800459,顺河回族区,district
410204,114.3485,34.792383,鼓楼区,district
410205,114.350246,34.779727,禹王台区,district
410212,114.437622,34.756476,祥符区,district
410221,114.770472,34.554585,杞县,district
410222,114.467734,34.477302,通许县,district
410223,114.193927,34.412256,尉氏县,district
410225,114.820572,34.829899,兰考县,district
410302,112.477298,34.682945,老城区,district
410303,112.443232,34.667847,西工区,district
410304,112.491625,34.684738,瀍河回族区,district
410305,112.399243,34.654251,涧西区,district
410306,112.443892,34.826485,孟津区,district
410311,112.456634,34.618557,洛龙区,district
410323,112.141403,34.728679,新安县,district
410324,111.618386,33.783195,栾川县,district
410325,112.087765,34.131563,嵩县,district
410326,112.473789,34.15323,汝阳县,district
410327,112.179989,34.516478,宜阳县,district
410328,111.655399,34.387179,洛宁县,district
410329,112.429384,34.423416,伊川县,district
410381,112.787739,34.723042,偃师区,district
410402,113.299061,33.737579,新华区,district
410403,113.310327,33.739285,卫东区,district
410404,112.889885,33.901538,石龙区,district
410411,113.320873,33.725681,湛河区,district
410421,113.066812,33.866359,宝丰县,district
410422,113.358298,33.621252,叶县,district
410423,112.906703,33.740325,鲁山县,district
410425,113.220451,33.971993,郏县,district
410481,113.52625,33.302082,舞钢市,district
410482,112.845336,34.167408,汝州市,district
410502,114.352562,36.098101,文峰区,district
410503,114.352646,36.10978,北关区,district
410505,114.300098,36.108974,殷都区,district
410506,114.323522,36.095568,龙安区,district
410522,114.130207,36.130585,安阳县,district
410523,114.362357,35.922349,汤阴县,district
410526,114.524,35.574628,滑县,district
410527,114.904582,35.953702,内黄县,district
410581,113.823767,36.063403,林州市,district
410602,114.166551,35.936128,鹤山区,district
410603,114.184202,35.896058,山城区,district
410611,114.293917,35.748382,淇滨区,district
410621,114.550162,35.671282,浚县,district
410622,114.200379,35.609478,淇县,district
410702,113.878158,35.302684,红旗区,district
410703,113.866065,35.304905,卫滨区,district
410704,113.906712,35.379855,凤泉区,district
410711,113.89716,35.312974,牧野区,district
410721,113.806186,35.190021,新乡县,district
410724,113.657249,35.261685,获嘉县,district
410725,113.965966,35.054001,原阳县,district
410726,114.200982,35.149515,延津县,district
410727,114.423405,35.04057,封丘县,district
410781,114.065855,35.404295,卫辉市,district
410782,113.802518,35.461318,辉县市,district
410783,114.673807,35.19615,长垣市,district
410802,113.226126,35.241353,解放区,district
410803,113.175485,35.236145,中站区,district
410804,113.321703,35.265453,马村区,district
410811,113.26766,35.21476,山阳区,district
410821,113.447465,35.229923,修武县,district
410822,113.069313,35.170351,博爱县,district
410823,113.408334,35.09885,武陟县,district
410825,113.079118,34.941233,温县,district
410882,112.934538,35.08901,沁阳市,district
410883,112.78708,34.90963,孟州市,district
410902,115.03184,35.760473,华龙区,district
410922,115.107287,35.902413,清丰县,district
410923,115.204336,36.075204,南乐县,district
410926,115.504212,35.851977,范县,district
410927,115.855681,35.996474,台前县,district
410928,115.023844,35.710349,濮阳县,district
411002,113.828307,34.02711,魏都区,district
411003,113.842898,34.005018,建安区,district
411024,114.188507,34.100502,鄢陵县,district
411025,113.493166,33.855943,襄城县,district
411081,113.471316,34.154403,禹州市,district
411082,113.768912,34.219257,长葛市,district
411102,114.017948,33.565441,源汇区,district
411103,114.016813,33.588897,郾城区,district
411104,114.051686,33.567555,召陵区,district
411121,113.610565,33.436278,舞阳县,district
411122,113.938891,33.80609,临颍县,district
411202,111.19487,34.77812,湖滨区,district
411203,111.103851,34.720244,陕州区,district
411221,111.762992,34.763487,渑池县,district
411224,111.052649,34.053995,卢氏县,district
411281,111.869417,34.746868,义马市,district
411282,110.88577,34.521264,灵宝市,district
411302,112.544591,32.994857,宛城区,district
411303,112.528789,32.989877,卧龙区,district
411321,112.435583,33.488617,南召县,district
411322,113.010933,33.255138,方城县,district
411323,111.485772,33.302981,西峡县,district
411324,112.232722,33.036651,镇平县,district
411325,111.843801,33.046358,内乡县,district
411326,111.489026,33.136106,淅川县,district
411327,112.938279,33.056126,社旗县,district
411328,112.838492,32.687892,唐河县,district
411329,112.365624,32.524006,新野县,district
411330,113.406059,32.367153,桐柏县,district
411381,112.092716,32.681642,邓州市,district
411402,115.65459,34.436553,梁园区,district
411403,115.653813,34.390536,睢阳区,district
411421,115.148146,34.648455,民权县,district
411422,115.070109,34.428433,睢县,district
411423,115.320055,34.449299,宁陵县,district
411424,115.307433,34.075277,柘城县,district
411425,115.863811,34.399634,虞城县,district
411426,116.13989,34.240894,夏邑县,district
411481,116.449672,33.931318,永城市,district
411502,114.075031,32.123274,浉河区,district
411503,114.126027,32.098395,平桥区,district
411521,114.533414,32.203206,罗山县,district
411522,114.903577,32.010398,光山县,district
411523,114.87705,31.63515,新县,district
411524,115.406297,31.799982,商城县,district
411525,115.667328,32.183074,固始县,district
411526,115.050123,32.134024,潢川县,district
411527,115.415451,32.452639,淮滨县,district
411528,114.740713,32.344744,息县,district
411602,114.652136,33.614836,川汇区,district
411603,114.870166,33.732547,淮阳区,district
411621,114.392008,34.054061,扶沟县,district
411622,114.530067,33.784378,西华县,district
411623,114.60927,33.543845,商水县,district
411624,115.078375,33.395514,沈丘县,district
411625,115.189,33.643852,郸城县,district
411627,114.853834,34.065312,太康县,district
411628,115.486386,33.861067,鹿邑县,district
411681,114.899521,33.443085,项城市,district
411702,114.029149,32.977559,驿城区,district
411721,114.026864,33.382315,西平县,district
411722,114.266892,33.264719,上蔡县,district
411723,114.637105,32.955626,平舆县,district
411724,114.38948,32.601826,正阳县,district
411725,114.026679,32.801538,确山县,district
411726,113.32605,32.725129,泌阳县,district
411727,114.359495,33.004535,汝南县,district
411728,114.00371,33.14698,遂平县,district
411729,114.975246,32.749948,新蔡县,district
420202,115.090164,30.212086,黄石港区,district
420203,115.093354,30.205365,西塞山区,district
420204,114.975755,30.177845,下陆区,district
420205,114.901366,30.20601,铁山区,district
420222,115.212883,29.841572,阳新县,district
420281,114.974842,30.098804,大冶市,district
420302,110.78621,32.644463,茅箭区,district
420303,110.772365,32.652516,张湾区,district
420304,110.812099,32.838267,郧阳区,district
420322,110.426472,32.991457,郧西县,district
420323,110.2296,32.22586,竹山县,district
420324,109.717196,32.315342,竹溪县,district
420325,110.741966,32.055002,房县,district
420381,111.513793,32.538839,丹江口市,district
420502,111.295468,30.702476,西陵区,district
420503,111.307215,30.679053,伍家岗区,district
420504,111.268163,30.692322,点军区,district
420505,111.427642,30.530744,猇亭区,district
420506,111.326747,30.770199,夷陵区,district
420525,111.64331,31.059626,远安县,district
420526,110.754499,31.34795,兴山县,district
420527,110.976785,30.823908,秭归县,district
420528,111.198475,30.466534,长阳土家族自治县,district
420529,110.674938,30.199252,五峰土家族自治县,district
420581,111.454367,30.387234,宜都市,district
420582,111.793419,30.824492,当阳市,district
420583,111.751799,30.425364,枝江市,district
420602,112.150327,32.015088,襄城区,district
420606,112.13957,32.058589,樊城区,district
420607,112.197378,32.085517,襄州区,district
420624,111.844424,31.77692,南漳县,district
420625,111.640147,32.262676,谷城县,district
420626,111.262235,31.873507,保康县,district
420682,111.675732,32.385438,老河口市,district
420683,112.765268,32.123083,枣阳市,district
420684,112.261441,31.709203,宜城市,district
420802,112.204804,31.033461,东宝区,district
420804,112.198413,30.980798,掇刀区,district
420822,112.595218,30.70359,沙洋县,district
420881,112.587267,31.165573,钟祥市,district
420882,113.114595,31.022457,京山市,district
420902,113.925849,30.925966,孝南区,district
420921,113.988964,31.251618,孝昌县,district
420922,114.126249,31.565483,大悟县,district
420923,113.750616,31.021691,云梦县,district
420981,113.573842,30.939038,应城市,district
420982,113.690401,31.26174,安陆市,district
420984,113.835301,30.652165,汉川市,district
421002,112.257433,30.315895,沙市区,district
421003,112.195354,30.350674,荆州区,district
421022,112.230179,30.059065,公安县,district
421023,112.904344,29.820079,监利市,district
421024,112.41735,30.033919,江陵县,district
421081,112.40887,29.716437,石首市,district
421083,113.470304,29.81297,洪湖市,district
421087,111.77818,30.176037,松滋市,district
421102,114.878934,30.447435,黄州区,district
421121,114.872029,30.63569,团风县,district
421122,114.615095,31.284777,红安县,district
421123,115.398984,30.781679,罗田县,district
421124,115.67753,30.735794,英山县,district
421125,115.26344,30.454837,浠水县,district
421126,115.433964,30.234927,蕲春县,district
421127,115.942548,30.075113,黄梅县,district
421181,115.02541,31.177906,麻城市,district
421182,115.56242,29.849342,武穴市,district
421202,114.333894,29.824716,咸安区,district
421221,113.921547,29.973363,嘉鱼县,district
421222,113.814131,29.246076,通城县,district
421223,114.049958,29.54101,崇阳县,district
421224,114.493163,29.604455,通山县,district
421281,113.88366,29.716879,赤壁市,district
421303,113.374519,31.717521,曾都区,district
421321,113.301384,31.854246,随县,district
421381,113.826601,31.617731,广水市,district
422801,109.486761,30.282406,恩施市,district
422802,108.943491,30.294247,利川市,district
422822,109.723822,30.601632,建始县,district
422823,110.336665,31.041403,巴东县,district
422825,109.482819,29.98867,宣恩县,district
422826,109.15041,29.678967,咸丰县,district
422827,109.408328,29.506945,来凤县,district
422828,110.033699,29.887298,鹤峰县,district
430102,112.988094,28.193106,芙蓉区,district
430103,112.97307,28.192375,天心区,district
430104,112.911591,28.213044,岳麓区,district
430105,112.985525,28.201336,开福区,district
430111,113.016337,28.109937,雨花区,district
430112,112.819549,28.347458,望城区,district
430121,113.080098,28.237888,长沙县,district
430181,113.633301,28.141112,浏阳市,district
430182,112.553182,28.253928,宁乡市,district
430202,113.162548,27.833036,荷塘区,district
430203,113.155169,27.827246,芦淞区,district
430204,113.11295,27.871945,石峰区,district
430211,113.136252,27.826909,天元区,district
430212,113.146175,27.705844,渌口区,district
430223,113.345774,27.000071,攸县,district
430224,113.546509,26.789534,茶陵县,district
430225,113.776884,26.489459,炎陵县,district
430281,113.507157,27.657873,醴陵市,district
430302,112.907427,27.86077,雨湖区,district
430304,112.927707,27.828854,岳塘区,district
430321,112.952829,27.778601,湘潭县,district
430381,112.525217,27.734918,湘乡市,district
430382,112.52848,27.922682,韶山市,district
430405,112.626324,26.891063,珠晖区,district
430406,112.612241,26.893694,雁峰区,district
430407,112.607635,26.903908,石鼓区,district
430408,112.570608,26.89087,蒸湘区,district
430412,112.734147,27.240536,南岳区,district
430421,112.379643,26.962388,衡阳县,district
430422,112.677459,26.739973,衡南县,district
430423,112.86971,27.234808,衡山县,district
430424,112.950412,27.083531,衡东县,district
430426,112.111192,26.787109,祁东县,district
430481,112.847215,26.414162,耒阳市,district
430482,112.396821,26.406773,常宁市,district
430502,111.479756,27.240001,双清区,district
430503,111.462968,27.233593,大祥区,district
430511,111.452315,27.245688,北塔区,district
430522,111.459762,27.311429,新邵县,district
430523,111.2757,26.989713,邵阳县,district
430524,111.038785,27.116002,隆回县,district
430525,110.579212,27.062286,洞口县,district
430527,110.155075,26.580622,绥宁县,district
430528,110.859115,26.438912,新宁县,district
430529,110.313226,26.363575,城步苗族自治县,district
430581,110.636804,26.732086,武冈市,district
430582,111.743168,27.257273,邵东市,district
430602,113.120751,29.366784,岳阳楼区,district
430603,113.27387,29.473395,云溪区,district
430611,113.004082,29.438062,君山区,district
430621,113.116073,29.144843,岳阳县,district
430623,112.559369,29.524107,华容县,district
430624,112.889748,28.677498,湘阴县,district
430626,113.593751,28.701523,平江县,district
430681,113.079419,28.803149,汨罗市,district
430682,113.450809,29.471594,临湘市,district
430702,111.690718,29.040477,武陵区,district
430703,111.685327,29.014426,鼎城区,district
430721,112.172289,29.414483,安乡县,district
430722,111.968506,28.907319,汉寿县,district
430723,111.761682,29.64264,澧县,district
430724,111.645602,29.443217,临澧县,district
430725,111.484503,28.902734,桃源县,district
430726,111.379087,29.584703,石门县,district
430781,111.879609,29.630867,津市市,district
430802,110.484559,29.125961,永定区,district
430811,110.54758,29.347827,武陵源区,district
430821,111.132702,29.423876,慈利县,district
430822,110.164039,29.399939,桑植县,district
430902,112.33084,28.592771,资阳区,district
430903,112.360946,28.568327,赫山区,district
430921,112.410399,29.372181,南县,district
430922,112.139732,28.520993,桃江县,district
430923,111.221824,28.377421,安化县,district
430981,112.361088,28.839713,沅江市,district
431002,113.032208,25.792628,北湖区,district
431003,113.038698,25.793157,苏仙区,district
431021,112.734466,25.737447,桂阳县,district
431022,112.947884,25.394345,宜章县,district
431023,113.114819,26.129392,永兴县,district
431024,112.370618,25.587309,嘉禾县,district
431025,112.564589,25.279119,临武县,district
431026,113.685686,25.553759,汝城县,district
431027,113.945879,26.073917,桂东县,district
431028,113.27217,26.708625,安仁县,district
431081,113.23682,25.974152,资兴市,district
431102,111.626348,26.223347,零陵区,district
431103,111.607156,26.434364,冷水滩区,district
431121,111.85734,26.585929,祁阳市,district
431122,111.313035,26.397278,东安县,district
431123,111.662146,25.959397,双牌县,district
431124,111.591614,25.518444,道县,district
431125,111.346803,25.268154,江永县,district
431126,111.944529,25.584112,宁远县,district
431127,112.194195,25.375255,蓝山县,district
431128,112.220341,25.906927,新田县,district
431129,111.577276,25.182596,江华瑶族自治县,district
431202,109.982242,27.548474,鹤城区,district
431221,109.948061,27.43736,中方县,district
431222,110.399161,28.455554,沅陵县,district
431223,110.196953,28.005474,辰溪县,district
431224,110.593373,27.903802,溆浦县,district
431225,109.720785,26.870789,会同县,district
431226,109.802807,27.865991,麻阳苗族自治县,district
431227,109.174443,27.359897,新晃侗族自治县,district
431228,109.687777,27.437996,芷江侗族自治县,district
431229,109.691159,26.573511,靖州苗族侗族自治县,district
431230,109.783359,26.158349,通道侗族自治县,district
431281,109.831765,27.201876,洪江市,district
431302,112.008486,27.726643,娄星区,district
431321,112.198245,27.459126,双峰县,district
431322,111.306747,27.737456,新化县,district
431381,111.434674,27.685759,冷水江市,district
431382,111.670847,27.692301,涟源市,district
433101,109.738273,28.314827,吉首市,district
433122,110.214428,28.214516,泸溪县,district
433123,109.599191,27.948308,凤凰县,district
433124,109.479063,28.581352,花垣县,district
433125,109.651445,28.709605,保靖县,district
433126,109.949592,28.616973,古丈县,district
433127,109.853292,28.998068,永顺县,district
433130,109.441189,29.453438,龙山县,district
440203,113.588289,24.80016,武江区,district
440204,113.599224,24.803977,浈江区,district
440205,113.605582,24.680195,曲江区,district
440222,114.067205,24.948364,始兴县,district
440224,113.748627,25.088226,仁化县,district
440229,114.131289,24.353887,翁源县,district
440232,113.278417,24.776109,乳源瑶族自治县,district
440233,114.207034,24.055412,新丰县,district
440281,113.352413,25.128445,乐昌市,district
440282,114.311231,25.115328,南雄市,district
440507,116.732015,23.373754,龙湖区,district
440511,116.703583,23.367071,金平区,district
440512,116.729528,23.279345,濠江区,district
440513,116.602602,23.262336,潮阳区,district
440514,116.423607,23.249798,潮南区,district
440515,116.76336,23.46844,澄海区,district
440523,117.027105,23.419562,南澳县,district
440703,113.07859,22.59677,蓬江区,district
440704,113.120601,22.572211,江海区,district
440705,113.038584,22.520247,新会区,district
440781,112.793414,22.250713,台山市,district
440783,112.692262,22.366286,开平市,district
440784,112.961795,22.768104,鹤山市,district
440785,112.314051,22.182956,恩平市,district
440802,110.361634,21.273365,赤坎区,district
440803,110.406382,21.194229,霞山区,district
440804,110.455632,21.24441,坡头区,district
440811,110.329167,21.265997,麻章区,district
440823,110.255321,21.376915,遂溪县,district
440825,110.175718,20.326083,徐闻县,district
440881,110.284961,21.611281,廉江市,district
440882,110.088275,20.908523,雷州市,district
440883,110.780508,21.428453,吴川市,district
440902,110.920542,21.660425,茂南区,district
440904,111.007264,21.507219,电白区,district
440981,110.853251,21.915153,高州市,district
440982,110.63839,21.654953,化州市,district
440983,110.941656,22.352681,信宜市,district
441202,112.472329,23.052662,端州区,district
441203,112.565249,23.155822,鼎湖区,district
441204,112.460846,23.027694,高要区,district
441223,112.440419,23.631486,广宁县,district
441224,112.182466,23.913072,怀集县,district
441225,111.502973,23.434731,封开县,district
441226,111.78156,23.141711,德庆县,district
441284,112.695028,23.340324,四会市,district
441302,114.413978,23.079883,惠城区,district
441303,114.469444,22.78851,惠阳区,district
441322,114.284254,23.167575,博罗县,district
441323,114.723092,22.983036,惠东县,district
441324,114.259986,23.723894,龙门县,district
441402,116.12116,24.302593,梅江区,district
441403,116.083482,24.267825,梅县区,district
441422,116.69552,24.351587,大埔县,district
441423,116.184419,23.752771,丰顺县,district
441424,115.775004,23.925424,五华县,district
441426,115.891729,24.569651,平远县,district
441427,116.170531,24.653313,蕉岭县,district
441481,115.731648,24.138077,兴宁市,district
441502,115.363667,22.776227,城区,district
441521,115.337324,22.971042,海丰县,district
441523,115.657565,23.302682,陆河县,district
441581,115.644203,22.946104,陆丰市,district
441602,114.696828,23.746255,源城区,district
441621,115.184383,23.633744,紫金县,district
441622,115.256415,24.101174,龙川县,district
441623,114.495952,24.364227,连平县,district
441624,114.941473,24.44318,和平县,district
441625,114.742711,23.789093,东源县,district
441702,111.968909,21.859182,江城区,district
441704,112.011267,21.864728,阳东区,district
441721,111.617556,21.75367,阳西县,district
441781,111.7905,22.169598,阳春市,district
441802,113.048698,23.688976,清城区,district
441803,113.015203,23.736949,清新区,district
441821,113.534094,23.866739,佛冈县,district
441823,112.634019,24.470286,阳山县,district
441825,112.086555,24.567271,连山壮族瑶族自治县,district
441826,112.290808,24.719097,连南瑶族自治县,district
441881,113.405404,24.18612,英德市,district
441882,112.379271,24.783966,连州市,district
445102,116.63365,23.664675,湘桥区,district
445103,116.67931,23.461012,潮安区,district
445122,117.00205,23.668171,饶平县,district
445202,116.357045,23.535524,榕城区,district
445203,116.412947,23.569887,揭东区,district
445222,115.838708,23.4273,揭西县,district
445224,116.295832,23.029834,惠来县,district
445281,116.165082,23.29788,普宁市,district
445302,112.04471,22.930827,云城区,district
445303,112.005609,23.073152,云安区,district
445321,112.23083,22.703204,新兴县,district
445322,111.535921,23.237709,郁南县,district
445381,111.578201,22.765415,罗定市,district
460301,112.3386402,16.8310066,西沙区,district
460302,112.891018,9.543575,南沙区,district
510104,104.080989,30.657689,锦江区,district
510105,104.055731,30.667648,青羊区,district
510106,104.043487,30.692058,金牛区,district
510107,104.05167,30.630862,武侯区,district
510108,104.103077,30.660275,成华区,district
510112,104.269181,30.56065,龙泉驿区,district
510113,104.25494,30.883438,青白江区,district
510114,104.16022,30.824223,新都区,district
510115,103.836776,30.697996,温江区,district
510116,103.922706,30.573243,双流区,district
510117,103.887842,30.808752,郫都区,district
510118,103.812449,30.414284,新津区,district
510121,104.415604,30.858417,金堂县,district
510129,103.522397,30.586602,大邑县,district
510131,103.511541,30.194359,蒲江县,district
510181,103.627898,30.99114,都江堰市,district
510182,103.941173,30.985161,彭州市,district
510183,103.46143,30.413271,邛崃市,district
510184,103.671049,30.631478,崇州市,district
510185,104.550339,30.390666,简阳市,district
510302,104.778188,29.343231,自流井区,district
510303,104.714372,29.345675,贡井区,district
510304,104.783229,29.367136,大安区,district
510311,104.876417,29.272521,沿滩区,district
510321,104.423932,29.454851,荣县,district
510322,104.984256,29.181282,富顺县,district
510402,101.715134,26.580887,东区,district
510403,101.637969,26.596776,西区,district
510411,101.737916,26.497185,仁和区,district
510421,102.109877,26.887474,米易县,district
510422,101.851848,26.677619,盐边县,district
510502,105.445131,28.882889,江阳区,district
510503,105.37721,28.77631,纳溪区,district
510504,105.435228,28.897572,龙马潭区,district
510521,105.376335,29.151288,泸县,district
510522,105.834098,28.810325,合江县,district
510524,105.437775,28.167919,叙永县,district
510525,105.813359,28.03948,古蔺县,district
510603,104.389648,31.130428,旌阳区,district
510604,104.507126,31.303281,罗江区,district
510623,104.677831,31.03681,中江县,district
510681,104.281903,30.97715,广汉市,district
510682,104.173653,31.126881,什邡市,district
510683,104.200162,31.343084,绵竹市,district
510703,104.740971,31.463557,涪城区,district
510704,104.770006,31.484772,游仙区,district
510705,104.560341,31.53894,安州区,district
510722,105.090316,31.090909,三台县,district
510723,105.391991,31.22318,盐亭县,district
510725,105.16353,31.635225,梓潼县,district
510726,104.468069,31.615863,北川羌族自治县,district
510727,104.530555,32.407588,平武县,district
510781,104.744431,31.776386,江油市,district
510802,105.826194,32.432276,利州区,district
510811,105.964121,32.322788,昭化区,district
510812,105.88917,32.642632,朝天区,district
510821,106.290426,32.22833,旺苍县,district
510822,105.238847,32.585655,青川县,district
510823,105.527035,32.286517,剑阁县,district
510824,105.939706,31.732251,苍溪县,district
510903,105.582215,30.502647,船山区,district
510904,105.459383,30.346121,安居区,district
510921,105.713699,30.774883,蓬溪县,district
510923,105.252187,30.581571,大英县,district
510981,105.381849,30.868752,射洪市,district
511002,105.065467,29.585265,市中区,district
511011,105.067203,29.600107,东兴区,district
511024,104.668327,29.52686,威远县,district
511025,104.852463,29.775295,资中县,district
511083,105.288074,29.338162,隆昌市,district
511102,103.75539,29.588327,市中区,district
511111,103.549961,29.416536,沙湾区,district
511112,103.816837,29.406186,五通桥区,district
511113,103.077831,29.24602,金口河区,district
511123,103.944266,29.209782,犍为县,district
511124,104.06885,29.651645,井研县,district
511126,103.578862,29.741019,夹江县,district
511129,103.90211,28.956338,沐川县,district
511132,103.262148,29.230271,峨边彝族自治县,district
511133,103.546851,28.838933,马边彝族自治县,district
511181,103.492488,29.597478,峨眉山市,district
511302,106.084091,30.795572,顺庆区,district
511303,106.108996,30.781809,高坪区,district
511304,106.067027,30.762976,嘉陵区,district
511321,106.061138,31.349407,南部县,district
511322,106.564893,31.075907,营山县,district
511323,106.413488,31.027978,蓬安县,district
511324,106.297083,31.271261,仪陇县,district
511325,105.893021,30.994616,西充县,district
511381,105.975266,31.580466,阆中市,district
511402,103.831553,30.048128,东坡区,district
511403,103.8701,30.192298,彭山区,district
511421,104.147646,29.996721,仁寿县,district
511423,103.375006,29.904867,洪雅县,district
511424,103.518333,30.012751,丹棱县,district
511425,103.846131,29.831469,青神县,district
511502,104.630231,28.760179,翠屏区,district
511503,104.981133,28.839806,南溪区,district
511504,104.541489,28.695678,叙州区,district
511523,105.068697,28.728102,江安县,district
511524,104.921116,28.577271,长宁县,district
511525,104.519187,28.435676,高县,district
511526,104.712268,28.449041,珙县,district
511527,104.507848,28.162017,筠连县,district
511528,105.236549,28.302988,兴文县,district
511529,104.162617,28.64237,屏山县,district
511602,106.632907,30.456462,广安区,district
511603,106.893277,30.4963,前锋区,district
511621,106.444451,30.533538,岳池县,district
511622,106.292473,30.344291,武胜县,district
511623,106.934968,30.334323,邻水县,district
511681,106.777882,30.380574,华蓥市,district
511702,107.501062,31.213522,通川区,district
511703,107.507926,31.199062,达川区,district
511722,107.722254,31.355025,宣汉县,district
511723,107.864135,31.085537,开江县,district
511724,107.20742,30.736289,大竹县,district
511725,106.970746,30.836348,渠县,district
511781,108.037548,32.06777,万源市,district
511802,103.003398,29.981831,雨城区,district
511803,103.112214,30.084718,名山区,district
511822,102.844674,29.795529,荥经县,district
511823,102.677145,29.349915,汉源县,district
511824,102.35962,29.234063,石棉县,district
511825,102.763462,30.059955,天全县,district
511826,102.924016,30.152907,芦山县,district
511827,102.813377,30.369026,宝兴县,district
511902,106.753671,31.858366,巴州区,district
511903,106.486515,31.816336,恩阳区,district
511921,107.247621,31.91212,通江县,district
511922,106.843418,32.353164,南江县,district
511923,107.101937,31.562814,平昌县,district
512002,104.642338,30.121686,雁江区,district
512021,105.336764,30.099206,安岳县,district
512022,105.031142,30.275619,乐至县,district
513201,102.221187,31.899761,马尔康市,district
513221,103.580675,31.47463,汶川县,district
513222,103.165486,31.436764,理县,district
513223,103.850684,31.680407,茂县,district
513224,103.599177,32.63838,松潘县,district
513225,104.236344,33.262097,九寨沟县,district
513226,102.064647,31.476356,金川县,district
513227,102.363193,30.999016,小金县,district
513228,102.990805,32.061721,黑水县,district
513230,100.979136,32.264887,壤塘县,district
513231,101.700985,32.904223,阿坝县,district
513232,102.963726,33.575934,若尔盖县,district
513233,102.544906,32.793902,红原县,district
513301,101.964057,30.050738,康定市,district
513322,102.233225,29.912482,泸定县,district
513323,101.886125,30.877083,丹巴县,district
513324,101.506942,29.001975,九龙县,district
513325,101.015735,30.03225,雅江县,district
513326,101.123327,30.978767,道孚县,district
513327,100.679495,31.392674,炉霍县,district
513328,99.991753,31.61975,甘孜县,district
513329,100.312094,30.93896,新龙县,district
513330,98.57999,31.806729,德格县,district
513331,98.824343,31.208805,白玉县,district
513332,98.100887,32.975302,石渠县,district
513333,100.331657,32.268777,色达县,district
513334,100.269862,29.991807,理塘县,district
513335,99.109037,30.005723,巴塘县,district
513336,99.799943,28.930855,乡城县,district
513337,100.296689,29.037544,稻城县,district
513338,99.288036,28.71134,得荣县,district
513401,102.258758,27.885786,西昌市,district
513422,101.280184,27.926859,木里藏族自治县,district
513423,101.508909,27.423415,盐源县,district
513424,102.178845,27.403827,德昌县,district
513425,102.249548,26.658702,会理市,district
513426,102.578985,26.630713,会东县,district
513427,102.757374,27.065205,宁南县,district
513428,102.541082,27.376828,普格县,district
513429,102.808801,27.709062,布拖县,district
513430,103.248704,27.695916,金阳县,district
513431,102.843991,28.010554,昭觉县,district
513432,102.412342,28.305486,喜德县,district
513433,102.170046,28.550844,冕宁县,district
513434,102.508875,28.639632,越西县,district
513435,102.775924,28.977094,甘洛县,district
513436,103.132007,28.327946,美姑县,district
513437,103.571584,28.262946,雷波县,district
520102,106.715963,26.573743,南明区,district
520103,106.713397,26.58301,云岩区,district
520111,106.670791,26.410464,花溪区,district
520112,106.762123,26.630928,乌当区,district
520113,106.633037,26.676849,白云区,district
520115,106.626323,26.646358,观山湖区,district
520121,106.969438,27.056793,开阳县,district
520122,106.737693,27.092665,息烽县,district
520123,106.599218,26.840672,修文县,district
520181,106.470278,26.551289,清镇市,district
520201,104.846244,26.584805,钟山区,district
520203,105.474235,26.210662,六枝特区,district
520221,104.95685,26.540478,水城区,district
520281,104.468367,25.706966,盘州市,district
520302,106.943784,27.694395,红花岗区,district
520303,106.937265,27.706626,汇川区,district
520304,106.831668,27.535288,播州区,district
520322,106.826591,28.131559,桐梓县,district
520323,107.191024,27.951342,绥阳县,district
520324,107.441872,28.550337,正安县,district
520325,107.605342,28.880088,道真仡佬族苗族自治县,district
520326,107.887857,28.521567,务川仡佬族苗族自治县,district
520327,107.722021,27.960858,凤冈县,district
520328,107.485723,27.765839,湄潭县,district
520329,107.892566,27.221552,余庆县,district
520330,106.200954,28.327826,习水县,district
520381,105.698116,28.587057,赤水市,district
520382,106.412476,27.803377,仁怀市,district
520402,105.946169,26.248323,西秀区,district
520403,106.259942,26.40608,平坝区,district
520422,105.745609,26.305794,普定县,district
520423,105.768656,26.056096,镇宁布依族苗族自治县,district
520424,105.618454,25.944248,关岭布依族苗族自治县,district
520425,106.084515,25.751567,紫云苗族布依族自治县,district
520502,105.284852,27.302085,七星关区,district
520521,105.609254,27.143521,大方县,district
520522,106.038299,27.024923,黔西市,district
520523,106.222103,27.459693,金沙县,district
520524,105.768997,26.668497,织金县,district
520525,105.375322,26.769875,纳雍县,district
520526,104.286523,26.859099,威宁彝族回族苗族自治县,district
520527,104.726438,27.119243,赫章县,district
520602,109.192117,27.718745,碧江区,district
520603,109.21199,27.51903,万山区,district
520621,108.848427,27.691904,江口县,district
520622,108.917882,27.238024,玉屏侗族自治县,district
520623,108.229854,27.519386,石阡县,district
520624,108.255827,27.941331,思南县,district
520625,108.405517,27.997976,印江土家族苗族自治县,district
520626,108.117317,28.26094,德江县,district
520627,108.495746,28.560487,沿河土家族自治县,district
520628,109.202627,28.165419,松桃苗族自治县,district
522301,104.897982,25.088599,兴义市,district
522302,105.192778,25.431378,兴仁市,district
522323,104.955347,25.786404,普安县,district
522324,105.218773,25.832881,晴隆县,district
522325,105.650133,25.385752,贞丰县,district
522326,106.091563,25.166667,望谟县,district
522327,105.81241,24.983338,册亨县,district
522328,105.471498,25.108959,安龙县,district
522601,107.977541,26.582964,凯里市,district
522622,107.901337,26.896973,黄平县,district
522623,108.12678,27.034657,施秉县,district
522624,108.681121,26.959884,三穗县,district
522625,108.423656,27.050233,镇远县,district
522626,108.816459,27.173244,岑巩县,district
522627,109.212798,26.909684,天柱县,district
522628,109.20252,26.680625,锦屏县,district
522629,108.440499,26.727349,剑河县,district
522630,108.314637,26.669138,台江县,district
522631,109.136504,26.230636,黎平县,district
522632,108.521026,25.931085,榕江县,district
522633,108.912648,25.747058,从江县,district
522634,108.079613,26.381027,雷山县,district
522635,107.593172,26.494803,麻江县,district
522636,107.794808,26.199497,丹寨县,district
522701,107.517021,26.258205,都匀市,district
522702,107.513508,26.702508,福泉市,district
522722,107.8838,25.412239,荔波县,district
522723,107.233588,26.580807,贵定县,district
522725,107.478417,27.066339,瓮安县,district
522726,107.542757,25.826283,独山县,district
522727,107.32405,25.831803,平塘县,district
522728,106.750006,25.429894,罗甸县,district
522729,106.447376,26.022116,长顺县,district
522730,106.977733,26.448809,龙里县,district
522731,106.657848,26.128637,惠水县,district
522732,107.87747,25.985183,三都水族自治县,district
530102,102.704412,25.042165,五华区,district
530103,102.729044,25.070239,盘龙区,district
530111,102.723437,25.021211,官渡区,district
530112,102.705904,25.02436,西山区,district
530113,103.182,26.08349,东川区,district
530114,102.801382,24.889275,呈贡区,district
530115,102.594987,24.666944,晋宁区,district
530124,102.497888,25.219667,富民县,district
530125,103.145989,24.918215,宜良县,district
530126,103.271962,24.754545,石林彝族自治县,district
530127,103.038777,25.335087,嵩明县,district
530128,102.46905,25.556533,禄劝彝族苗族自治县,district
530129,103.257588,25.559474,寻甸回族彝族自治县,district
530181,102.485544,24.921785,安宁市,district
530302,103.798054,25.501269,麒麟区,district
530303,103.819262,25.600878,沾益区,district
530304,103.578755,25.429451,马龙区,district
530322,103.655233,25.022878,陆良县,district
530323,103.993808,24.825681,师宗县,district
530324,104.309263,24.885708,罗平县,district
530325,104.25692,25.67064,富源县,district
530326,103.300041,26.412861,会泽县,district
530381,104.09554,26.227777,宣威市,district
530402,102.543468,24.350753,红塔区,district
530403,102.749839,24.291006,江川区,district
530423,102.760039,24.112205,通海县,district
530424,102.928982,24.189807,华宁县,district
530425,102.16211,24.669598,易门县,district
530426,102.404358,24.173256,峨山彝族自治县,district
530427,101.990903,24.0664,新平彝族傣族自治县,district
530428,101.999658,23.597618,元江哈尼族彝族傣族自治县,district
530481,102.916652,24.669679,澄江市,district
530502,99.165825,25.112144,隆阳区,district
530521,99.183758,24.730847,施甸县,district
530523,98.693567,24.591912,龙陵县,district
530524,99.612344,24.823662,昌宁县,district
530581,98.497292,25.01757,腾冲市,district
530602,103.717267,27.336636,昭阳区,district
530621,103.549333,27.191637,鲁甸县,district
530622,102.929284,26.9117,巧家县,district
530623,104.23506,28.106923,盐津县,district
530624,103.891608,27.747114,大关县,district
530625,103.63732,28.231526,永善县,district
530626,103.961095,28.599953,绥江县,district
530627,104.873055,27.436267,镇雄县,district
530628,104.048492,27.627425,彝良县,district
530629,105.04869,27.843381,威信县,district
530681,104.415376,28.629688,水富市,district
530702,100.234412,26.872229,古城区,district
530721,100.238312,26.830593,玉龙纳西族自治县,district
530722,100.750901,26.685623,永胜县,district
530723,101.267796,26.628834,华坪县,district
530724,100.852427,27.281109,宁蒗彝族自治县,district
530802,100.973227,22.776595,思茅区,district
530821,101.04524,23.062507,宁洱哈尼族彝族自治县,district
530822,101.687606,23.428165,墨江哈尼族自治县,district
530823,100.840011,24.448523,景东彝族自治县,district
530824,100.701425,23.500278,景谷傣族彝族自治县,district
530825,101.108512,24.005712,镇沅彝族哈尼族拉祜族自治县,district
530826,101.859144,22.58336,江城哈尼族彝族自治县,district
530827,99.585406,22.325924,孟连傣族拉祜族佤族自治县,district
530828,99.931201,22.553083,澜沧拉祜族自治县,district
530829,99.594372,22.644423,西盟佤族自治县,district
530902,100.086486,23.886562,临翔区,district
530921,99.91871,24.592738,凤庆县,district
530922,100.125637,24.439026,云县,district
530923,99.253679,24.028159,永德县,district
530924,98.82743,23.761415,镇康县,district
530925,99.824419,23.477476,双江拉祜族佤族布朗族傣族自治县,district
530926,99.402495,23.534579,耿马傣族佤族自治县,district
530927,99.2474,23.146887,沧源佤族自治县,district
532301,101.546145,25.040912,楚雄市,district
532322,101.63824,24.685094,双柏县,district
532323,101.543044,25.312111,牟定县,district
532324,101.274991,25.192408,南华县,district
532325,101.238399,25.505403,姚安县,district
532326,101.323602,25.722348,大姚县,district
532327,101.671175,26.056316,永仁县,district
532328,101.870837,25.703313,元谋县,district
532329,102.406785,25.5301,武定县,district
532331,102.075694,25.14327,禄丰市,district
532501,103.154752,23.360383,个旧市,district
532502,103.258679,23.713832,开远市,district
532503,103.385005,23.366843,蒙自市,district
532504,103.436988,24.40837,弥勒市,district
532523,103.687229,22.987013,屏边苗族自治县,district
532524,102.820493,23.618387,建水县,district
532525,102.484469,23.712569,石屏县,district
532527,103.759622,24.532368,泸西县,district
532528,102.837056,23.219773,元阳县,district
532529,102.42121,23.369191,红河县,district
532530,103.228359,22.779982,金平苗族瑶族傣族自治县,district
532531,102.39286,22.99352,绿春县,district
532532,103.961593,22.507563,河口瑶族自治县,district
532601,104.244277,23.369216,文山市,district
532622,104.343989,23.612301,砚山县,district
532623,104.675711,23.437439,西畴县,district
532624,104.701899,23.124202,麻栗坡县,district
532625,104.398619,23.011723,马关县,district
532626,104.194366,24.040982,丘北县,district
532627,105.056684,24.050272,广南县,district
532628,105.62856,23.626494,富宁县,district
532801,100.797947,22.002087,景洪市,district
532822,100.448288,21.955866,勐海县,district
532823,101.567051,21.479449,勐腊县,district
532901,100.241369,25.593067,大理市,district
532922,99.95797,25.669543,漾濞彝族自治县,district
532923,100.554025,25.477072,祥云县,district
532924,100.578957,25.825904,宾川县,district
532925,100.490669,25.342594,弥渡县,district
532926,100.518683,25.041279,南涧彝族自治县,district
532927,100.30793,25.230909,巍山彝族回族自治县,district
532928,99.533536,25.461281,永平县,district
532929,99.369402,25.884955,云龙县,district
532930,99.951708,26.111184,洱源县,district
532931,99.905887,26.530066,剑川县,district
532932,100.173375,26.55839,鹤庆县,district
533102,97.855883,24.010734,瑞丽市,district
533103,98.577608,24.436699,芒市,district
533122,98.298196,24.80742,梁河县,district
533123,97.93393,24.709541,盈江县,district
533124,97.794441,24.184065,陇川县,district
533301,98.854063,25.851142,泸水市,district
533323,98.867413,26.902738,福贡县,district
533324,98.666141,27.738054,贡山独龙族怒族自治县,district
533325,99.421378,26.453839,兰坪白族普米族自治县,district
533401,99.708667,27.825804,香格里拉市,district
533422,98.91506,28.483272,德钦县,district
533423,99.286355,27.180948,维西傈僳族自治县,district
610102,108.959903,34.26927,新城区,district
610103,108.946994,34.251061,碑林区,district
610104,108.933194,34.2656,莲湖区,district
610111,109.067261,34.267453,灞桥区,district
610112,108.946022,34.30823,未央区,district
610113,108.926593,34.213389,雁塔区,district
610114,109.22802,34.662141,阎良区,district
610115,109.213986,34.372065,临潼区,district
610116,108.941579,34.157097,长安区,district
610117,109.088896,34.535065,高陵区,district
610118,108.607385,34.108668,鄠邑区,district
610122,109.317634,34.156189,蓝田县,district
610124,108.216465,34.161532,周至县,district
610202,109.075862,35.069098,王益区,district
610203,109.100814,35.111927,印台区,district
610204,108.962538,34.910206,耀州区,district
610222,109.118278,35.398766,宜君县,district
610302,107.144467,34.371008,渭滨区,district
610303,107.149943,34.375192,金台区,district
610304,107.383645,34.352747,陈仓区,district
610322,107.400577,34.521668,凤翔区,district
610323,107.624464,34.44296,岐山县,district
610324,107.891419,34.375497,扶风县,district
610326,107.752371,34.272137,眉县,district
610327,106.857066,34.893262,陇县,district
610328,107.132987,34.642584,千阳县,district
610329,107.796608,34.677714,麟游县,district
610330,106.525212,33.912464,凤县,district
610331,107.316533,34.059215,太白县,district
610402,108.698636,34.329801,秦都区,district
610403,108.086348,34.27135,杨陵区,district
610404,108.730957,34.336847,渭城区,district
610422,108.943481,34.613996,三原县,district
610423,108.83784,34.528493,泾阳县,district
610424,108.247406,34.527261,乾县,district
610425,108.428317,34.482583,礼泉县,district
610426,108.143129,34.692619,永寿县,district
610428,107.795835,35.206122,长武县,district
610429,108.337231,35.112234,旬邑县,district
610430,108.581173,34.79797,淳化县,district
610431,108.212857,34.259732,武功县,district
610481,108.488493,34.297134,兴平市,district
610482,108.083674,35.034233,彬州市,district
610502,109.503299,34.501271,临渭区,district
610503,109.76141,34.511958,华州区,district
610522,110.24726,34.544515,潼关县,district
610523,109.943123,34.795011,大荔县,district
610524,110.147979,35.237098,合阳县,district
610525,109.937609,35.184,澄城县,district
610526,109.589653,34.956034,蒲城县,district
610527,109.594309,35.177291,白水县,district
610528,109.187174,34.746679,富平县,district
610581,110.452391,35.475238,韩城市,district
610582,110.08952,34.565359,华阴市,district
610602,109.49069,36.596291,宝塔区,district
610603,109.325341,36.86441,安塞区,district
610621,110.012961,36.578306,延长县,district
610622,110.190314,36.882066,延川县,district
610625,108.768898,36.823031,志丹县,district
610626,108.176976,36.924852,吴起县,district
610627,109.34961,36.277729,甘泉县,district
610628,109.384136,35.996495,富县,district
610629,109.435712,35.762133,洛川县,district
610630,110.175537,36.050391,宜川县,district
610631,109.83502,35.583276,黄龙县,district
610632,109.262469,35.580165,黄陵县,district
610681,109.675968,37.14207,子长市,district
610702,107.028233,33.077674,汉台区,district
610703,106.942393,33.003341,南郑区,district
610722,107.329887,33.153098,城固县,district
610723,107.549962,33.223283,洋县,district
610724,107.765858,32.987961,西乡县,district
610725,106.680175,33.155618,勉县,district
610726,106.25739,32.830806,宁强县,district
610727,106.153899,33.329638,略阳县,district
610728,107.89531,32.535854,镇巴县,district
610729,106.924377,33.61334,留坝县,district
610730,107.988582,33.520745,佛坪县,district
610802,109.74791,38.299267,榆阳区,district
610803,109.292596,37.964048,横山区,district
610822,111.069645,39.029243,府谷县,district
610824,108.80567,37.596084,靖边县,district
610825,107.601284,37.59523,定边县,district
610826,110.265377,37.507701,绥德县,district
610827,110.178683,37.759081,米脂县,district
610828,110.493367,38.021597,佳县,district
610829,110.739315,37.451925,吴堡县,district
610830,110.12146,37.087702,清涧县,district
610831,110.03457,37.611573,子洲县,district
610881,110.497005,38.835641,神木市,district
610902,109.029098,32.690817,汉滨区,district
610921,108.510946,32.891121,汉阴县,district
610922,108.250512,33.038512,石泉县,district
610923,108.313714,33.312184,宁陕县,district
610924,108.537788,32.520176,紫阳县,district
610925,108.900663,32.31069,岚皋县,district
610926,109.361865,32.387933,平利县,district
610927,109.526437,31.883395,镇坪县,district
610928,109.368149,32.833567,旬阳市,district
610929,110.114186,32.809484,白河县,district
611002,109.937685,33.869208,商州区,district
611021,110.145716,34.088502,洛南县,district
611022,110.33191,33.694711,丹凤县,district
611023,110.885437,33.526367,商南县,district
611024,109.880435,33.530411,山阳县,district
611025,109.151075,33.423981,镇安县,district
611026,109.111249,33.682773,柞水县,district
620102,103.841032,36.049115,城关区,district
620103,103.784326,36.06673,七里河区,district
620104,103.622331,36.100369,西固区,district
620105,103.724038,36.10329,安宁区,district
620111,102.861814,36.344177,红古区,district
620121,103.262203,36.734428,永登县,district
620122,103.94933,36.331254,皋兰县,district
620123,104.114975,35.84443,榆中县,district
620302,102.187683,38.513793,金川区,district
620321,101.971957,38.247354,永昌县,district
620402,104.17425,36.545649,白银区,district
620403,104.819207,36.72921,平川区,district
620421,104.686972,36.561424,靖远县,district
620422,105.054337,35.692486,会宁县,district
620423,104.066394,37.193519,景泰县,district
620502,105.724477,34.578645,秦州区,district
620503,105.897631,34.563504,麦积区,district
620521,106.139878,34.75287,清水县,district
620522,105.6733,34.862354,秦安县,district
620523,105.332347,34.747327,甘谷县,district
620524,104.891696,34.721955,武山县,district
620525,106.212416,34.993237,张家川回族自治县,district
620602,102.634492,37.93025,凉州区,district
620621,103.090654,38.624621,民勤县,district
620622,102.898047,37.470571,古浪县,district
620623,103.142034,36.971678,天祝藏族自治县,district
620702,100.454862,38.931774,甘州区,district
620721,99.617086,38.837269,肃南裕固族自治县,district
620722,100.816623,38.434454,民乐县,district
620723,100.166333,39.152151,临泽县,district
620724,99.81665,39.376308,高台县,district
620725,101.088442,38.784839,山丹县,district
620802,106.684223,35.54173,崆峒区,district
620821,107.365218,35.335283,泾川县,district
620822,107.620587,35.064009,灵台县,district
620823,107.031253,35.304533,崇信县,district
620825,106.041979,35.203428,庄浪县,district
620826,105.733489,35.525243,静宁县,district
620881,106.649308,35.215341,华亭市,district
620902,98.511155,39.743858,肃州区,district
620921,98.902959,39.983036,金塔县,district
620922,95.780591,40.516525,瓜州县,district
620923,94.87728,39.51224,肃北蒙古族自治县,district
620924,94.337642,39.631642,阿克塞哈萨克族自治县,district
620981,97.037206,40.28682,玉门市,district
620982,94.664279,40.141119,敦煌市,district
621002,107.638824,35.733713,西峰区,district
621021,107.885664,36.013504,庆城县,district
621022,107.308754,36.569322,环县,district
621023,107.986288,36.457304,华池县,district
621024,108.019865,35.819005,合水县,district
621025,108.361068,35.490642,正宁县,district
621026,107.921182,35.50201,宁县,district
621027,107.195706,35.677806,镇原县,district
621102,104.62577,35.579764,安定区,district
621121,105.250102,35.208922,通渭县,district
621122,104.637554,35.003409,陇西县,district
621123,104.211742,35.133023,渭源县,district
621124,103.862186,35.376233,临洮县,district
621125,104.466756,34.848642,漳县,district
621126,104.039882,34.439105,岷县,district
621202,104.929866,33.388155,武都区,district
621221,105.734434,33.739863,成县,district
621222,104.682448,32.942171,文县,district
621223,104.394475,34.042655,宕昌县,district
621224,105.609534,33.328266,康县,district
621225,105.299737,34.013718,西和县,district
621226,105.181616,34.189387,礼县,district
621227,106.085632,33.767785,徽县,district
621228,106.306959,33.910729,两当县,district
622901,103.211634,35.59941,临夏市,district
622921,102.993873,35.49236,临夏县,district
622922,103.709852,35.371906,康乐县,district
622923,103.319871,35.938933,永靖县,district
622924,103.576188,35.481688,广河县,district
622925,103.350357,35.425971,和政县,district
622926,103.389568,35.66383,东乡族自治县,district
622927,102.877473,35.712906,积石山保安族东乡族撒拉族自治县,district
623001,102.91149,34.985973,合作市,district
623021,103.353054,34.69164,临潭县,district
623022,103.508508,34.588165,卓尼县,district
623023,104.370271,33.782964,舟曲县,district
623024,103.221009,34.055348,迭部县,district
623025,102.075767,33.998068,玛曲县,district
623026,102.488495,34.589591,碌曲县,district
623027,102.520743,35.200853,夏河县,district
630102,101.796095,36.616043,城东区,district
630103,101.784554,36.621181,城中区,district
630104,101.763649,36.628323,城西区,district
630105,101.761297,36.648448,城北区,district
630106,101.569475,36.500419,湟中区,district
630121,101.684183,36.931343,大通回族土族自治县,district
630123,101.263435,36.684818,湟源县,district
630202,102.402431,36.480291,乐都区,district
630203,102.104295,36.502714,平安区,district
630222,102.804209,36.329451,民和回族土族自治县,district
630223,101.956734,36.83994,互助土族自治县,district
630224,102.262329,36.098322,化隆回族自治县,district
630225,102.486534,35.847247,循化撒拉族自治县,district
632221,101.618461,37.376627,门源回族自治县,district
632222,100.249778,38.175409,祁连县,district
632223,100.90049,36.959542,海晏县,district
632224,100.138417,37.326263,刚察县,district
632301,102.017604,35.516337,同仁市,district
632322,102.031953,35.938205,尖扎县,district
632323,101.469343,35.036842,泽库县,district
632324,101.611877,34.734522,河南蒙古族自治县,district
632521,100.619597,36.280286,共和县,district
632522,100.579465,35.254492,同德县,district
632523,101.431856,36.040456,贵德县,district
632524,99.986963,35.58909,兴海县,district
632525,100.74792,35.587085,贵南县,district
632621,100.243531,34.473386,玛沁县,district
632622,100.737955,32.931589,班玛县,district
632623,99.902589,33.966987,甘德县,district
632624,99.651715,33.753259,达日县,district
632625,101.484884,33.430217,久治县,district
632626,98.211343,34.91528,玛多县,district
632701,97.008762,33.00393,玉树市,district
632722,95.293423,32.891886,杂多县,district
632723,97.110893,33.367884,称多县,district
632724,95.616843,33.852322,治多县,district
632725,96.479797,32.203206,囊谦县,district
632726,95.800674,34.12654,曲麻莱县,district
632801,94.905777,36.401541,格尔木市,district
632802,97.370143,37.374555,德令哈市,district
632803,90.855955,38.247117,茫崖市,district
632821,98.479852,36.930389,乌兰县,district
632822,98.089161,36.298553,都兰县,district
632823,99.02078,37.29906,天峻县,district
632825,95.357233,37.853631,海西蒙古族藏族自治州直辖,district
