county_code,D1,cate,cate_lower,cate_upper
130121,0,0.014701036794872141,-0.001707952063848113,0.03111002565359239
130123,0,0.010324160829688761,-0.006641071090393098,0.027289392749770616
130225,0,0.012944716359386627,0.002187909913629946,0.023701522805143305
130227,0,0.011069482465604963,-0.00909734587316905,0.03123631080437897
130284,0,0.011639376172347254,-0.002331897434280788,0.025610649778975293
130321,0,-0.020879529383798195,-0.042200094687422474,0.00044103591982607923
130421,0,0.009879363705329713,-0.006827883414935152,0.026586610825594575
130424,0,0.008373242586265733,-0.011829069340065348,0.028575554512596812
130426,0,0.006032320467502433,-0.01727977013306977,0.029344411068074634
130427,0,0.004093205385774484,-0.007831060068713903,0.016017470840262872
130521,0,0.0027729995688794418,-0.017595477905899055,0.023141477043657935
130523,0,0.00963252352463942,-0.005752764991070003,0.025017812040348836
130526,0,-0.008276511720785446,-0.03005576940062983,0.013502745959058936
130527,0,0.001209673864695393,-0.018558243155681286,0.02097759088507207
130582,0,0.0033171781632326813,-0.008560992160804071,0.015195348487269432
130632,0,0.0032048841120314586,-0.015260283314892167,0.02167005153895508
130728,0,-0.03293183713064979,-0.05639190296962758,-0.009471771291671996
130732,0,-0.02778097610553662,-0.04787185297974551,-0.007690099231327734
130824,0,-0.019217786701012318,-0.031489403024188824,-0.006946170377835813
130825,0,-0.016988425607097207,-0.04429750791284779,0.010320656698653369
130826,0,-0.02469178646391279,-0.0437344271287181,-0.005649145799107493
130827,0,-0.009883621627514383,-0.03531942030816673,0.015552177053137967
130828,0,-0.02052358248308886,-0.044154038489135614,0.0031068735229578953
130881,0,-0.020016985425640788,-0.031045647890695017,-0.008988322960586562
130921,0,0.016353447746152355,-0.004790988797767237,0.03749788429007194
130922,0,0.010920434687403002,-0.006085614749050866,0.027926484123856867
130924,0,-0.023235129302149965,-0.04379866353272717,-0.0026715950715727674
130930,0,-0.020842333874750985,-0.042391210321612305,0.0007065425721103323
130983,1,0.012790037332990806,0.0008384631240308024,0.024741611541950807
131022,0,0.008907107427341188,-0.0033992711823768295,0.0212134860370592
131028,0,-0.012070940393152763,-0.04180251327916574,0.017660632492860207
131121,0,0.001225401247390262,-0.019958649256169036,0.022409451750949556
131122,0,0.0003560713718736286,-0.021550195632598697,0.02226233837634595
131127,0,0.005486067446569071,-0.009004516360421138,0.019976651253559276
131182,0,0.0088815717462922,-0.0020359518833430734,0.019799095375927472
140121,1,-0.0025686414353089937,-0.03268185469764184,0.02754457182702385
140122,0,-0.03230917096575331,-0.056887214219353076,-0.007731127712153549
140123,0,-0.03718063986352399,-0.06740389408464352,-0.006957385642404466
140181,1,0.00638110906416095,-0.06491938607443219,0.07768160420275408
140221,1,-0.04947944367029869,-0.0665295493685781,-0.03242933797201927
140222,0,-0.050450689655304304,-0.07023506694354868,-0.030666312367059936
140223,0,-0.06023314776123331,-0.09212609135744271,-0.028340204165023933
140224,1,-0.052610863989023315,-0.09332274237607999,-0.011898985601966651
140225,0,-0.04630552585374281,-0.06402156540010022,-0.02858948630738541
140226,0,-0.025942616756746528,-0.06610453270527011,0.014219299191777057
140321,1,-0.01541636751015879,-0.05409485920489061,0.02326212418457302
140322,1,-0.0025129420661707536,-0.039800140288835176,0.03477425615649366
140423,1,-0.01225097775780587,-0.06319847028078734,0.0386965147651756
140425,0,-0.06137865231999198,-0.10001837229165117,-0.022738932348332797
140426,0,-0.015392185778926037,-0.05223640792701576,0.02145203636916368
140427,0,-0.036181875940751534,-0.06639764342692434,-0.00596610845457873
140428,0,-0.028014582017516526,-0.04188825192029171,-0.014140912114741343
140429,0,-0.052100978261275105,-0.07911644337733785,-0.025085513145212367
140430,0,-0.045556607392365805,-0.06549938200717184,-0.025613832777559773
140431,0,0.0043021255819268855,-0.047845577801995096,0.05644982896584885
140521,0,0.004878262305489323,-0.05542670656062347,0.0651832311716021
140522,1,-0.008704715642006977,-0.058151291184914654,0.04074185990090069
140524,0,-0.040009558643142096,-0.07396637847601903,-0.006052738810265176
140525,0,-0.008691404674115444,-0.0329657262296977,0.015582916881466805
140581,1,-0.011130040915381945,-0.05298134728344564,0.030721265452681744
140621,1,-0.0011276266762020315,-0.042132733091993085,0.03987747973958901
140622,0,-0.03827146197370809,-0.06192308998209134,-0.014619833965324854
140623,0,-0.0471517375545388,-0.07286579671160368,-0.021437678397473937
140681,0,0.01161836703101593,-0.009600691958912614,0.03283742602094447
140721,0,-0.007730176074189854,-0.049263167525807325,0.03380281537742761
140722,0,-0.04447201026983644,-0.07771429916298342,-0.011229721376689462
140723,0,-0.0415235341713068,-0.08211249354072112,-0.0009345748018925043
140724,0,-0.041188701436158354,-0.05890001390887511,-0.023477388963441603
140725,0,-0.029117865005447108,-0.0508992572799852,-0.007336472730909024
140727,0,-0.012782112220565578,-0.030936181290324254,0.005371956849193095
140728,0,-0.02465809096598237,-0.046468098922594805,-0.0028480830093699436
140729,1,-0.0003108601396547006,-0.046662126078957644,0.046040405799648236
140781,1,-0.02667943149513441,-0.04749777686986224,-0.005861086120406582
140821,0,-0.007850688127969019,-0.030038190069227994,0.01433681381328995
140822,0,-0.019917824324952538,-0.033277414197679815,-0.00655823445222526
140823,0,0.008308879229620203,-0.021772739128296255,0.038390497587536654
140824,0,-0.024789700188887653,-0.057993142930456966,0.008413742552681652
140825,0,-0.021294006822249606,-0.05134647629844903,0.008758462653949813
140827,0,-0.017300426734998264,-0.06605776770099883,0.03145691423100229
140828,0,-0.039487885058845096,-0.0577164511296851,-0.0212593189880051
140829,0,-0.06348389638317758,-0.09391412296182505,-0.033053669804530124
140830,0,-0.017735600260582685,-0.04898471921244529,0.01351351869127991
140881,1,-0.04726477038555438,-0.06346444298489035,-0.03106509778621841
140882,1,0.022982049342327615,-0.013738367391229238,0.059702466075884454
140921,0,-0.019285122665514243,-0.0550368338234426,0.0164665884924141
140922,0,-0.05431395907777836,-0.08052009648456249,-0.028107821670994237
140923,0,-0.0491471859405023,-0.09203006221769733,-0.006264309663307287
140924,0,-0.05808258754290674,-0.09206999917669943,-0.02409517590911405
140925,0,-0.03577255228349324,-0.07422429195808428,0.0026791873910977856
140926,0,-0.059406732795251216,-0.08292408983503483,-0.035889375755467606
140927,0,-0.05210564296797704,-0.07737602918960937,-0.02683525674634472
140928,0,-0.05095421569958963,-0.07604948707589859,-0.02585894432328068
140929,0,-0.05208792421356043,-0.07782218875114114,-0.026353659675979718
140930,0,-0.026002676368732158,-0.07281000947754686,0.020804656740082535
140931,1,-0.005380635832900549,-0.07072269149275769,0.05996141982695656
140932,0,-0.05762568265205781,-0.11838238201911458,0.0031310167149989493
140981,1,-0.04581701756810108,-0.07382641581991606,-0.01780761931628611
141021,0,-0.00030749108436101125,-0.014669312057766908,0.014054329889044882
141022,0,-0.010938116057405467,-0.02993760338816072,0.008061371273349782
141023,0,0.0006864191556797961,-0.020548981384662393,0.02192181969602198
141024,1,-0.0031144567955914138,-0.025141316153718545,0.01891240256253571
141025,0,-0.014140888243582284,-0.04041846072699451,0.012136684239829935
141026,0,-0.040798065902891895,-0.07685914664631655,-0.004736985159467244
141027,0,-0.01691824630869221,-0.0484201279746182,0.014583635357233775
141028,0,-0.04099102300156707,-0.07528332393584955,-0.006698722067284592
141029,0,0.001648474311819581,-0.039018976561533754,0.04231592518517291
141030,0,-0.05110243460033956,-0.07801495508610432,-0.0241899141145748
141031,0,-0.049077285308073565,-0.07761284219023457,-0.020541728425912564
141032,0,-0.04832579110514609,-0.07416438031509523,-0.02248720189519696
141033,0,-0.01626908308753744,-0.04195084329252049,0.009412677117445603
141034,0,-0.02781578530153761,-0.08170622448438489,0.02607465388130966
141081,1,-0.03422435515554548,-0.047303554753296215,-0.021145155557794743
141082,0,0.007878160806812029,-0.02358957323176606,0.03934589484539011
141121,0,-0.030648789941002175,-0.04317946426774416,-0.01811811561426019
141122,0,0.008157031279466154,-0.04720019410605234,0.06351425666498464
141123,0,-0.06830083809840656,-0.0899969364445045,-0.04660473975230864
141124,0,-0.055078603066720105,-0.07342605274829103,-0.03673115338514919
141125,1,0.0017079869225455346,-0.029767680361231355,0.03318365420632242
141126,0,-0.04756106685353759,-0.07217454456755154,-0.022947589139523637
141127,0,-0.057960626685855776,-0.1064490660445159,-0.009472187327195666
141128,0,-0.061879626544477984,-0.10818249402670924,-0.015576759062246731
141129,0,-0.019269867003409602,-0.06394391940282179,0.025404185396002574
141130,0,-0.01302645337528141,-0.04399152464722821,0.017938617896665385
141181,1,-0.020629332276924983,-0.035773932390314976,-0.005484732163534992
141182,0,-0.014963354939460438,-0.034845228981002174,0.004918519102081291
220122,1,0.008350321317387832,-0.017062443286014948,0.03376308592079061
220182,0,0.0048018693471099105,-0.02330567596122323,0.032909414655443045
220183,0,0.009009826600009874,-0.0173636481647355,0.035383301364755246
220221,0,0.0038937951248680935,-0.023502636453763333,0.03129022670349951
220281,0,-0.002705409574564166,-0.022399962578791278,0.016989143429662942
220282,0,0.008702553346204345,-0.01987160840209959,0.03727671509450827
220283,0,-0.009826884585910634,-0.030525800004346914,0.010872030832525643
220284,1,0.008952507085804584,-0.021001306573575854,0.03890632074518502
220322,1,-0.013001265981001375,-0.03724380983198661,0.011241277869983857
220323,0,-0.0190891275640665,-0.033894846761576974,-0.004283408366556029
220381,1,0.0031394530992011616,-0.023304290848463343,0.02958319704686566
220382,0,-0.01829324093001372,-0.03674610136353787,0.00015961950351042753
220421,1,-0.02753691367021069,-0.04717485518491035,-0.007898972155511032
220422,0,-0.03247488181905489,-0.05115968623063408,-0.01379007740747571
220521,0,-0.030562643598271322,-0.05383983884177017,-0.007285448354772482
220523,0,-0.034443348618021175,-0.05839280528770793,-0.010493891948334423
220524,0,-0.016746691474768816,-0.03590507509707129,0.002411692147533659
220581,1,-0.007288116092861341,-0.026035757939639765,0.011459525753917076
220582,1,-0.019462423458369404,-0.05162843762679086,0.012703590710052046
220621,1,-0.021576244403720246,-0.037381833613309934,-0.005770655194130565
220622,0,-0.05793421576902216,-0.08234693487935693,-0.0335214966586874
220623,0,-0.046541443806849714,-0.06073479917774967,-0.03234808843594976
220681,0,-0.014568007133802102,-0.0454837171927972,0.01634770292519299
220721,0,-0.016249901061276162,-0.03667602688769253,0.004176224765140207
220722,0,-0.04038620256720543,-0.05709143663864499,-0.023680968495765876
220723,0,-0.04225850627849323,-0.06053257854635184,-0.023984434010634624
220781,0,-0.012731265108293144,-0.037651936607336886,0.012189406390750591
220821,0,-0.03622393327655521,-0.04703035023333827,-0.02541751631977215
220822,0,-0.03871033877250066,-0.05190340550399619,-0.025517272041005123
220881,0,-0.03508166719155695,-0.04902183642428484,-0.021141497958829053
220882,1,-0.02687690011717253,-0.03947748193642554,-0.014276318297919519
222401,1,-0.031200443794071386,-0.04674338143403808,-0.015657506154104703
222402,1,-0.030484128579619352,-0.0748746216326146,0.013906364473375878
222403,1,-0.03082054185040589,-0.04992439712232714,-0.01171668657848465
222404,1,-0.03463255056921499,-0.07271731797757594,0.003452216839145955
222405,1,-0.05684364394555186,-0.07987831031645434,-0.03380897757464939
222406,0,-0.04583917747121774,-0.07193438936712081,-0.01974396557531468
222424,0,-0.047970891435261453,-0.06395170093362912,-0.03199008193689379
222426,0,-0.03852256690163855,-0.061794529018232826,-0.015250604785044277
230123,0,-0.029042265856729088,-0.04331714434245591,-0.014767387371002267
230124,0,-0.03728354018370611,-0.05093176042915844,-0.023635319938253782
230125,0,-0.009555084854305451,-0.02879035510219377,0.009680185393582865
230126,0,-0.03732147406875677,-0.051137234065451176,-0.023505714072062367
230127,0,-0.03721918260892848,-0.0529311362768507,-0.021507228941006273
230128,0,-0.037626088254443135,-0.05089220534572793,-0.024359971163158346
230129,0,-0.04353278619604903,-0.05636839462139091,-0.030697177770707143
230183,1,0.004784978877190593,-0.014151493793812565,0.02372145154819375
230184,1,-0.0009107024343364967,-0.021517776650159148,0.019696371781486147
230221,0,-0.04632198851273028,-0.0559494927406019,-0.036694484284858664
230223,0,-0.03637272844113007,-0.05298370596940706,-0.01976175091285309
230224,0,-0.04824472486875081,-0.06198730065201287,-0.03450214908548875
230225,0,-0.0401222266593185,-0.052730656213186816,-0.02751379710545019
230227,0,-0.044564087696581156,-0.05782356275960929,-0.031304612633553025
230229,0,-0.03730152098297165,-0.05138702833584373,-0.02321601363009958
230230,0,-0.045801861031631336,-0.06311055340136239,-0.02849316866190029
230231,0,-0.03913299167430298,-0.05547147381588276,-0.022794509532723207
230281,1,-0.01826228486438053,-0.03610169706398539,-0.00042287266477567323
230321,0,-0.015143039614283815,-0.02981500935243217,-0.00047106987613546383
230381,1,0.0046874297251920105,-0.017714225311553033,0.02708908476193705
230382,0,-0.030759425508737698,-0.04304343572545914,-0.018475415292016253
230421,0,-0.018754086771373246,-0.038468578707512927,0.0009604051647664341
230422,0,-0.024083936900641367,-0.041854840391944786,-0.0063130334093379585
230521,0,-0.032331624028008654,-0.05111324630270865,-0.013550001753308664
230522,0,-0.02783025116658633,-0.04879299809012709,-0.00686750424304557
230523,0,-0.03233319303008608,-0.05416333866257046,-0.010503047397601706
230524,0,-0.043704200501108986,-0.053684520701958637,-0.033723880300259336
230621,0,-0.03384710600030036,-0.05673795600469882,-0.010956255995901911
230622,0,-0.025169478140017965,-0.04209609859263559,-0.00824285768740034
230623,0,-0.031921942343873855,-0.051185220225624155,-0.012658664462123558
230624,0,-0.02249649207552895,-0.03394645993574344,-0.011046524215314463
230722,0,-0.04439447863495741,-0.060955532670343746,-0.027833424599571076
230781,0,-0.031119131442769954,-0.05182292049878792,-0.010415342386751986
230822,0,-0.03754427875748742,-0.051942257952901055,-0.023146299562073785
230826,0,-0.04669222358389749,-0.06400619431666466,-0.029378252851130326
230828,0,-0.03946120571703218,-0.0523103519351832,-0.026612059498881173
230881,0,-0.03578053612196902,-0.04770428846115064,-0.023856783782787397
230882,0,-0.03202047367540112,-0.05597985898179794,-0.0080610883690043
230883,0,-0.03259841365341229,-0.04821120084111516,-0.016985626465709426
230921,0,-0.03880518441669217,-0.052141446011254776,-0.02546892282212957
231025,0,-0.03716119640068194,-0.04698424397307971,-0.02733814882828417
231081,1,-0.02310566706861833,-0.06285101956352873,0.016639685426292072
231083,0,-0.02658510592579022,-0.04492009953016344,-0.008250112321417008
231084,1,-0.012034439360652127,-0.03655810855528641,0.012489229833982155
231085,0,-0.028106172264230678,-0.056196069907991135,-1.627462047022396e-05
231086,0,-0.013455449745449044,-0.03867406763150073,0.011763168140602635
231123,0,-0.043997593898163434,-0.05503963469743914,-0.03295555309888773
231124,0,-0.05030951601905931,-0.07789201636702969,-0.022727015671088924
231181,0,-0.046683708598585116,-0.05667711104926833,-0.036690306147901905
231182,0,-0.040654432679701924,-0.057598767456505814,-0.023710097902898037
231183,0,-0.017745495303894077,-0.03756477607977966,0.00207378547199151
231221,0,-0.04446512986165363,-0.05754935996061064,-0.031380899762696625
231222,0,-0.05058752122386251,-0.06189360436524692,-0.0392814380824781
231223,0,-0.04713725818302297,-0.06496384415952301,-0.029310672206522934
231224,0,-0.02788166723618815,-0.04354112239485812,-0.012222212077518183
231225,0,-0.046585943683714326,-0.06433856427418419,-0.02883332309324446
231226,0,-0.04161715424837975,-0.05996971826043497,-0.023264590236324535
231281,0,-0.009420868469425692,-0.029063895916641325,0.010222158977789938
231282,1,0.0005483443059786097,-0.02173354804448302,0.022830236656440236
231283,0,-0.03759243977638599,-0.05048960173633617,-0.024695277816435816
232701,0,-0.009340159363994821,-0.024495036153128417,0.00581471742513877
232721,0,-0.0415666964934486,-0.057592910857121815,-0.02554048212977539
232722,0,-0.017632594739627444,-0.027458674090273964,-0.007806515388980929
320281,0,0.002878840579085523,-0.021974979414734443,0.027732660572905486
320282,0,0.009774955906816818,-0.012498896370103152,0.03204880818373679
320321,0,-0.03749897983305478,-0.06842932442507965,-0.0065686352410299215
320322,0,-0.01823118288146164,-0.051050806377042464,0.01458844061411918
320324,0,-0.035232271734572135,-0.06747871044851875,-0.0029858330206255224
320381,0,-0.032885283424227835,-0.06606351568870988,0.0002929488402542077
320382,0,-0.024529677868085575,-0.06163970187107625,0.012580346134905086
320481,0,0.005610586073637541,-0.020332806691281107,0.031553978838556186
320581,0,0.006781869023261111,-0.012841081377574209,0.026404819424096428
320582,0,-0.00029990580495128927,-0.026285100048425356,0.02568528843852277
320583,1,0.004394007962685409,-0.01572752593626684,0.024515541861637655
320585,0,0.008016751669338434,-0.02155664711134758,0.03759015045002444
320623,0,-0.008934140973789362,-0.03180363900230112,0.013935357054722389
320681,0,0.013325959753232447,-0.009544168343396973,0.03619608784986186
320682,0,-0.0180395216739353,-0.0418522415503407,0.0057731982024700965
320684,0,0.015674397759394554,-0.0071381317630560895,0.03848692728184519
320685,0,0.004471569878520931,-0.01874276498375297,0.027685904740794826
320722,0,-0.02481984677220686,-0.0645120231922849,0.01487232964787117
320723,0,-0.027288457562794743,-0.06581921541535629,0.01124230028976679
320724,0,-0.026588531018911316,-0.0622365225697481,0.00905946053192546
320826,0,-0.0292877033737102,-0.06808526339659836,0.009509856649177952
320830,0,-0.024982983058047276,-0.055843263702864895,0.005877297586770334
320831,0,-0.0022589455380346013,-0.02224327025354546,0.017725379177476255
320921,0,-0.01868160028987015,-0.05305997482889302,0.015696774249152716
320922,0,-0.03577303246229388,-0.06939239370019037,-0.0021536712243973924
320923,0,-0.03547794067411106,-0.06858685184526847,-0.0023690295029536595
320924,0,-0.006967165103742595,-0.0350750717090728,0.021140741501587606
320925,0,-0.009970635751216261,-0.029343643386664,0.009402371884231469
320981,0,0.005076164445223824,-0.01979050250520356,0.029942831395651202
321023,0,-0.028489422211323973,-0.060902220690384146,0.003923376267736194
321081,0,0.004230349972503267,-0.02252890441732702,0.03098960436233355
321084,0,-0.005028124892057451,-0.03294618211622472,0.022889932332109814
321181,0,0.01342457430544386,-0.006505986303777602,0.03335513491466532
321182,0,0.019494817836863687,-2.6804126802761064e-05,0.03901643980053013
321183,0,0.011682214478099084,-0.0024879616220316175,0.025852390578229783
321281,0,-0.021548905534642643,-0.050905227304771844,0.007807416235486548
321282,0,0.005071917221555061,-0.023390723731619892,0.03353455817473001
321283,1,0.00035069808112148104,-0.03067382192260187,0.03137521808484482
321322,1,-0.02004931953984157,-0.06429587165713724,0.02419723257745409
321323,0,-0.03588224990300248,-0.06795173048053241,-0.003812769325472559
321324,0,-0.032454412985645636,-0.0669707163863449,0.00206189041505362
330122,1,0.005265441861365738,-0.01209181112251876,0.022622694845250233
330127,1,-0.013847694424229895,-0.0245820031179468,-0.003113385730512992
330182,1,0.00408338064350483,-0.017252114806212922,0.025418876093222575
330225,1,-0.00445312961462857,-0.0294122870333064,0.020506027804049257
330226,1,-0.01273253553817194,-0.03373838368025864,0.008273312603914746
330281,1,-0.008389427007172656,-0.02780072399619741,0.011021869981852093
330282,1,-0.011883555913586696,-0.0322856107830643,0.008518498955890904
330324,1,-0.01180240814647815,-0.03083115706581377,0.007226340772857467
330326,1,-0.011825780669771635,-0.02530516430267623,0.0016536029631329559
330327,1,-0.02053655880071953,-0.03677407754169548,-0.004299040059743579
330328,1,-0.02821334926799124,-0.04976157541136664,-0.006665123124615847
330329,1,-0.03263217961123577,-0.05196488583035892,-0.01329947339211262
330381,1,0.0038332898785805036,-0.017143722575574564,0.024810302332735568
330382,1,-0.0031250402026950785,-0.024163254185652534,0.017913173780262373
330421,1,0.015048871234770472,-0.004570295829714674,0.03466803829925562
330424,1,0.016285737818198504,-0.0015610469834784792,0.03413252261987548
330481,1,0.0015348990967316845,-0.019669535153272473,0.022739333346735835
330482,1,0.0017507242384927901,-0.020519674690935883,0.02402112316792146
330483,1,0.005546623379172028,-0.00995715502893791,0.02105040178728196
330521,1,0.005785350198991179,-0.020397333083822706,0.03196803348180506
330522,1,0.004534105272893052,-0.01487652870653787,0.023944739252323967
330523,1,-0.0026791617405578783,-0.017288102860117487,0.011929779379001727
330624,1,0.00547648616683627,-0.012187893312707917,0.023140865646380453
330681,1,0.010185414567964235,-0.011596863228803229,0.031967692364731695
330683,1,0.011849900955988035,0.0009881906278974926,0.022711611284078576
330723,1,-0.003834058909319704,-0.030970705090815717,0.023302587272176302
330726,1,0.0027749191702662324,-0.017019791255146643,0.0225696295956791
330727,1,-0.02977921581923776,-0.04780576092550487,-0.011752670712970651
330781,0,-0.004464468961139834,-0.02106874787769873,0.012139809955419058
330782,1,-0.000865201076011346,-0.020737061824695934,0.01900665967267324
330783,1,-0.0018663850804184756,-0.02082058848775473,0.017087818326917775
330784,0,-0.00026056206877056454,-0.025573998834105112,0.025052874696563976
330822,1,-0.019416850950539688,-0.04163128471167735,0.00279758281059796
330824,1,-0.020942222676000266,-0.0409701848019523,-0.0009142605500482362
330825,1,-0.011027392863649843,-0.026875185883007358,0.004820400155707668
330881,1,-0.015173581345605203,-0.03675321007854944,0.006406047387339027
330921,1,-0.005175828628702667,-0.023142978095454077,0.01279132083804874
330922,1,-0.02198429740158453,-0.05004135775036568,0.006072762947196619
331022,1,-0.01408826797053403,-0.034932680656463745,0.006756144715395679
331023,1,-0.016108177102178378,-0.03392888977866894,0.0017125355743121788
331024,1,-0.015870876520428623,-0.030221021236119743,-0.0015207318047375067
331081,1,0.012057892500565243,-0.0054261965198885015,0.029541981521018983
331082,0,-0.005992013586314293,-0.0312305321590856,0.01924650498645701
331083,0,0.005446400375653748,-0.015014627279723382,0.025907428031030872
331121,1,-0.01213910950756597,-0.03175076020370461,0.007472541188572667
331122,1,-0.013261125122836726,-0.04042503493501347,0.013902784689340014
331123,1,-0.008690032085584387,-0.02860148048377807,0.011221416312609294
331124,1,-0.01926184203878603,-0.04383235986208268,0.0053086757845106115
331125,1,-0.034743363518325215,-0.06398738592330233,-0.005499341113348103
331126,1,-0.031960999169478366,-0.05435323668858674,-0.009568761650369989
331127,0,-0.03143080052167119,-0.04407748217984565,-0.018784118863496728
331181,1,-0.01715468076022203,-0.03827109559048452,0.003961734070040454
340121,0,-0.028323978323887944,-0.04662194554460873,-0.01002601110316716
340122,0,-0.028943077181541932,-0.056085315975192195,-0.0018008383878916762
340123,0,-0.03580657123836217,-0.060305864891834954,-0.011307277584889395
340124,0,-0.024190140919948477,-0.046767470587801674,-0.0016128112520952809
340181,0,-0.02210031820829378,-0.04792062627860971,0.0037199898620221515
340221,0,-0.026686438850559047,-0.04456319384026974,-0.00880968386084836
340222,0,-0.026801993546705316,-0.055011898080714494,0.0014079109873038585
340223,0,-0.02808043085658324,-0.04689533867211077,-0.009265523041055709
340281,0,-0.022718675696584756,-0.034844055226992736,-0.010593296166176778
340321,1,-0.01016766850509665,-0.028570848443433813,0.00823551143324051
340322,1,-0.015681972314750103,-0.034615675904241375,0.003251731274741168
340323,0,-0.013185822968937833,-0.030024000208384097,0.003652354270508428
340421,0,-0.014879858817953118,-0.04164068388952217,0.01188096625361593
340521,0,-0.019802845853020834,-0.04261807415781456,0.0030123824517728874
340522,1,-0.025691301146617385,-0.049531020619586585,-0.0018515816736481908
340523,1,-0.026540371890032055,-0.046180769546038,-0.006899974234026111
340621,0,-0.020717368659893876,-0.04151703187876999,8.229455898223215e-05
340822,1,-0.03298160722007615,-0.0522762450460377,-0.013686969394114599
340825,0,-0.02253621285302504,-0.04393203742092219,-0.0011403882851278926
340826,1,-0.02013570489265043,-0.03892341593276326,-0.0013479938525376052
340827,1,-0.026029579514531442,-0.04131515224083253,-0.010744006788230363
340828,1,-0.029733059911087628,-0.04336052340132172,-0.016105596420853543
340881,1,-0.028447830613393343,-0.04922405733227668,-0.007671603894510007
340882,0,-0.027700819029638224,-0.04607705002789059,-0.009324588031385861
341021,1,-0.025724944556007268,-0.04013552086063425,-0.01131436825138029
341022,1,-0.018585218908800494,-0.03070211074771586,-0.006468327069885128
341023,0,-0.03229736824730192,-0.051897146293824636,-0.012697590200779214
341024,0,-0.01543445044681141,-0.035328682301449754,0.004459781407826931
341122,1,-0.005611940289191347,-0.03683076954995848,0.02560688897157578
341124,1,-0.006506752780220226,-0.04026095301777234,0.02724744745733188
341125,0,-0.005235640982923062,-0.032522997137288664,0.022051715171442537
341126,1,-0.019129321487456497,-0.04067280797548836,0.002414165000575362
341181,1,0.0068223092044604194,-0.026692460098028933,0.040337078506949765
341182,0,-0.004596418781944445,-0.036408008369132175,0.02721517080524328
341221,0,-0.020209251313823118,-0.037879118856547746,-0.0025393837710984933
341222,0,-0.017496948181989214,-0.03762656107839822,0.002632664714419787
341225,0,-0.02177525322703483,-0.0384611137277065,-0.005089392726363169
341226,1,-0.01804514145109537,-0.03834037836994447,0.002250095467753725
341282,1,-0.011720375725665033,-0.032295469813994546,0.008854718362664472
341321,1,-0.021100826047226906,-0.04715457573296631,0.004952923638512491
341322,1,-0.013883116318530564,-0.03532615325315412,0.007559920616092983
341323,0,-0.008992859609281978,-0.032834044353221445,0.014848325134657479
341324,0,-0.015308433196968785,-0.03402500957554943,0.0034081431816118564
341522,1,-0.02170143037603678,-0.03647409088999408,-0.0069287698620794855
341523,0,-0.03905396671341532,-0.05847596436240186,-0.019631969064428795
341524,1,-0.04061332592955069,-0.06231397009657864,-0.018912681762522754
341525,1,-0.02415232946356166,-0.051888033407599274,0.0035833744804759475
341621,1,-0.018592016448316206,-0.045344195394108305,0.008160162497475892
341622,1,-0.016584673985653442,-0.044171851446747165,0.011002503475440274
341623,0,-0.02156205211222506,-0.037473189396938146,-0.005650914827511979
341721,0,-0.02390157894697692,-0.03683693793831765,-0.01096621995563619
341722,0,-0.047313482339141955,-0.07127770534203026,-0.02334925933625366
341723,1,-0.02173812066505809,-0.036795416420145,-0.006680824909971187
341821,1,-0.016688397869886518,-0.0306711722324951,-0.002705623507277939
341823,0,-0.013720416467087881,-0.032782705986617415,0.005341873052441649
341824,0,-0.01614104818571474,-0.03634963871331601,0.0040675423418865195
341825,0,-0.02156608493223333,-0.04532314963517333,0.0021909797707066643
341881,1,0.004456883318173233,-0.02394213018696285,0.032855896823309305
341882,0,-0.021021897906477016,-0.0355504608459503,-0.006493334967003737
350121,0,0.024646848756058104,0.0024318717004162445,0.04686182581169995
350122,0,0.030689249434095844,0.012344180318421272,0.04903431854977042
350123,0,0.02368910922110745,0.0063385593394330066,0.04103965910278189
350124,0,0.031783328425590895,0.014179428631035444,0.049387228220146344
350125,0,0.027961983382158967,0.01003359210002561,0.04589037466429232
350128,0,0.02788190100160995,0.011448418972153405,0.04431538303106649
350181,0,0.020658595349115988,-0.005237816067998426,0.046555006766230395
350322,0,0.005469463146123482,-0.018185619310916383,0.02912454560316334
350421,0,0.012560396429493581,-0.014599331479871133,0.039720124338858284
350423,0,0.022228420672133847,-0.00831111788620107,0.05276795923046876
350424,0,0.015544522419860957,-0.0015732493517982005,0.03266229419152011
350425,0,0.023100647202057262,0.004470710223453144,0.041730584180661376
350426,0,0.030844410226586877,0.013164503332412633,0.04852431712076112
350427,0,0.03344526253021268,0.007778266330664616,0.05911225872976074
350428,0,0.03681901848482938,0.01791663658383131,0.055721400385827444
350429,0,0.021534668090934378,0.00226369915432131,0.04080563702754744
350430,0,0.02022935475657242,-0.0013400437825318232,0.04179875329567666
350481,0,0.03002250550901822,0.006721854120103243,0.0533231568979332
350521,0,0.022108056429203604,0.0022340886560403943,0.04198202420236681
350524,0,0.0202740358850394,0.00019667308105019918,0.040351398689028595
350525,0,0.025872794545736738,0.006141790759002248,0.045603798332471225
350526,0,0.02785275954236524,0.009998080421355325,0.04570743866337515
350581,0,0.02817347528754663,0.004518597961011145,0.051828352614082106
350582,0,0.017806906135355488,-0.009903437435046097,0.04551724970575707
350583,0,0.018935140528476474,-0.00672131085212261,0.04459159190907555
350622,0,0.02951579776291957,0.008695038754982606,0.050336556770856536
350623,0,0.02602107751317692,0.006280558996633743,0.045761596029720096
350624,0,0.03166272772251569,0.014260375276816499,0.04906508016821487
350625,0,0.037330311592773224,0.02091240225288265,0.05374822093266379
350626,0,0.039098723198746244,0.019304831595981026,0.05889261480151146
350627,0,0.034399598286647404,0.012049055820217165,0.05675014075307763
350628,0,0.022327784894741326,0.0019493925595099049,0.04270617722997274
350629,0,0.030094641203628175,0.012121335806064538,0.048067946601191805
350681,0,0.0230081734065693,-0.00030884606027444667,0.04632519287341304
350721,0,0.035900478428865956,0.011882237502191723,0.05991871935554019
350722,0,0.0063441677006741415,-0.0278406065914868,0.04052894199283508
350723,0,0.01646209693508069,-0.008514468594147652,0.04143866246430902
350724,0,0.01715913826322077,-0.011494137449535452,0.04581241397597698
350725,0,0.0016210316334071828,-0.026183366846344775,0.029425430113159134
350781,0,0.036243549581463,0.012614486711281576,0.05987261245164442
350782,0,0.03139982764109264,0.012194426963939138,0.05060522831824614
350783,0,0.03034405147799099,0.016419080656495656,0.04426902229948632
350821,0,0.00995271196446637,-0.011783870477840238,0.031689294406772976
350823,0,0.009438749565961524,-0.008439867119576089,0.027317366251499133
350824,0,0.009348783730408955,-0.01571819891421203,0.03441576637502994
350825,0,0.019524452039765217,-0.007113593884227616,0.04616249796375804
350881,0,0.03601617086244527,0.01723424062064239,0.05479810110424814
350921,0,0.023646881231201705,0.004381922741394682,0.042911839721008725
350922,0,0.020446050864511567,0.004702726941306693,0.03618937478771644
350923,0,0.0029919805902083874,-0.02938289983594758,0.03536686101636435
350924,0,0.003395029916918507,-0.014848217616827534,0.02163827745066454
350925,0,-0.007558108734967678,-0.023714545455840345,0.008598327985904985
350926,0,-0.011131375785998626,-0.03296860718104872,0.010705855609051462
350981,0,0.013111853384662725,-0.00992646824825567,0.03615017501758112
350982,0,0.01867365875689103,0.0006846297017519196,0.03666268781203014
360222,0,-0.03394350432313739,-0.051195378928388144,-0.01669162971788665
360321,0,-0.03368716880721198,-0.04599885769553581,-0.02137547991888816
360423,0,-0.03163065555547928,-0.050361175918780685,-0.012900135192177881
360424,0,-0.025914045396073282,-0.04422958786145607,-0.0075985029306905
360425,0,-0.02250469269115052,-0.03711611121670991,-0.007893274165591135
360428,0,-0.03926906382381046,-0.052899700205030195,-0.025638427442590726
360429,0,-0.04362882442503599,-0.06893076950857338,-0.018326879341498598
360430,0,-0.030347695040514905,-0.045858565590822235,-0.014836824490207578
360722,0,-0.03019633089201096,-0.03971426080214886,-0.020678400981873055
360724,0,-0.031291548500777644,-0.041694048683421484,-0.020889048318133808
360726,0,-0.04241628555360402,-0.05262303046349925,-0.032209540643708796
360728,0,-0.034250889117728306,-0.05741481105706362,-0.011086967178392994
360729,0,-0.024912326248722083,-0.048169155832381,-0.0016554966650631706
360730,0,-0.029994906931600285,-0.042887969918564806,-0.01710184394463577
360731,0,-0.042657489028434414,-0.06012619216997848,-0.025188785886890355
360732,0,-0.03341717722510118,-0.04354862039201936,-0.023285734058183002
360733,0,-0.02836940046987041,-0.0447077273408653,-0.012031073598875525
360734,0,-0.03467273327809181,-0.048900507599116655,-0.020444958957066967
360735,0,-0.043016732708563765,-0.057616247342178656,-0.028417218074948875
360781,1,-0.028008614310083613,-0.036836762846344774,-0.01918046577382245
360821,0,-0.023993140719711648,-0.03474022637595698,-0.01324605506346632
360822,0,-0.03769129348639519,-0.06251099339914137,-0.012871593573649004
360823,0,-0.02661666060286655,-0.04940687294389152,-0.0038264482618415863
360825,0,-0.03325557102326157,-0.04808219616358611,-0.01842894588293703
360827,0,-0.02888241576108541,-0.04690687587698601,-0.01085795564518481
360828,0,-0.03543950210880242,-0.05295814762711523,-0.017920856590489618
360829,1,-0.02598412472620415,-0.038782492691995726,-0.013185756760412577
360830,0,-0.03682535178452773,-0.04964227914886278,-0.02400842442019268
360881,0,-0.03477682818000763,-0.055459900338981793,-0.014093756021033469
360921,0,-0.028514283681152497,-0.04570311738025437,-0.011325449982050623
360922,0,-0.039498380802941324,-0.052981840092922165,-0.026014921512960486
360923,0,-0.027804836653243126,-0.04607085481960962,-0.009538818486876637
360924,0,-0.03888202023416251,-0.05263181382429181,-0.025132226644033223
360925,0,-0.03353831954567227,-0.04672756530918067,-0.020349073782163867
360926,0,-0.040752180499863094,-0.05275801519754092,-0.028746345802185276
361021,1,-0.017305167372564434,-0.03022162287481222,-0.004388711870316652
361022,0,-0.039028963170639475,-0.05455643812560088,-0.023501488215678074
361023,0,-0.022367080630595504,-0.0349355969739615,-0.009798564287229508
361024,0,-0.029943740425414783,-0.04722212526999607,-0.012665355580833502
361025,0,-0.04429993791123274,-0.05651346331314895,-0.03208641250931653
361026,0,-0.04352033615745918,-0.060978753688067336,-0.026061918626851026
361027,0,-0.03754176774219303,-0.046171699276811334,-0.02891183620757474
361028,0,-0.044163712127385846,-0.06449543007317275,-0.023831994181598943
361030,0,-0.05036229473408621,-0.06918232193640152,-0.031542267531770904
361123,0,-0.03993771712561234,-0.059854171240252455,-0.020021263010972228
361124,0,-0.020123193391189398,-0.03532078172154409,-0.004925605060834708
361125,0,-0.049710953159953775,-0.07278119636305604,-0.026640709956851513
361126,0,-0.04145978678625667,-0.0568480119811742,-0.026071561591339144
361127,0,-0.040394594499533754,-0.0543222529194113,-0.026466936079656216
361128,1,-0.04228770961892758,-0.057560603848962374,-0.02701481538889279
361129,0,-0.031176375522893957,-0.047672510394791895,-0.014680240650996025
361130,0,-0.029235818520320922,-0.052608461171887305,-0.005863175868754542
370281,0,0.01109250792664046,-0.00791543141052203,0.030100447263802947
370283,0,0.009535000775312497,-0.011051222362805278,0.030121223913430265
370284,0,0.009200587222176648,-0.0041295013895566186,0.022530675833909913
370285,0,0.0179996961825038,-0.003708358634152864,0.03970775099916046
370321,0,0.002900385793504573,-0.011070119073979215,0.01687089066098836
370481,0,0.006394564666824087,-0.011083149236953097,0.023872278570601268
370523,0,0.005462585308249723,-0.009785283396750916,0.02071045401325036
370634,0,-0.0013037854135334037,-0.020218427271493266,0.01761085644442645
370681,0,0.011231183129165573,-0.008576691543701012,0.03103905780203215
370683,0,0.016732289533172323,-0.001208207194184737,0.03467278626052938
370684,0,0.005025618204242854,-0.010633851872300794,0.0206850882807865
370685,0,0.005392123010749927,-0.01239381637505824,0.02317806239655809
370725,0,-0.0061846540254717475,-0.024081225605172372,0.011711917554228873
370781,0,0.004235103865549983,-0.011426647001703084,0.019896854732803046
370782,0,0.0014289108660102134,-0.018259473265976628,0.021117294997997048
370783,0,0.009833955574971631,-0.010985127568235682,0.030653038718178937
370785,0,0.0025940053249837725,-0.009357577225249793,0.014545587875217337
370786,0,0.005562054627306495,-0.012049851544132538,0.023173960798745525
370829,0,0.005813650519365193,-0.008292176326765164,0.01991947736549555
370881,0,0.006504634889159561,-0.0071858715378365495,0.020195141316155667
370883,0,0.0027393942522967174,-0.018480114657693798,0.023958903162287225
370982,0,-0.010654052785064705,-0.028234717965491384,0.006926612395361971
370983,0,-0.011305021484960098,-0.03408876850109058,0.01147872553117038
371083,0,0.012180790072780862,-0.007009221272873817,0.03137080141843553
371321,0,-0.00781551025337171,-0.02163702371831406,0.006006003211570634
371325,0,0.0053029739263458775,-0.008035015227042766,0.018640963079734518
371327,0,-0.004463733885543886,-0.02004493497293064,0.011117467201842863
371425,0,0.0002624551195430924,-0.025878293299232545,0.026403203538318723
371428,0,0.017880927187483686,0.0027146571399570673,0.0330471972350103
371482,0,0.006510764565183291,-0.01160452458154504,0.02462605371191162
371625,0,-0.00012420095047710467,-0.016854686196488028,0.016606284295533815
371681,0,-0.002816554788130532,-0.016505785925350888,0.01087267634908982
410122,0,-0.0026476173727408847,-0.027746995676512204,0.022451760931030428
410181,1,-0.01039089961736428,-0.042364862409581976,0.02158306317485341
410182,1,0.013807216657976351,-0.015226658180149358,0.04284109149610205
410183,1,0.009186519414106753,-0.024810188484666845,0.043183227312880344
410184,1,0.014907933433380871,-0.01928297788811211,0.04909884475487385
410185,1,-0.004786640521196428,-0.04086345125278613,0.03129017021039326
410221,0,-0.0046466171504436216,-0.01940145339721632,0.010108219096329077
410222,0,0.0006555728699907393,-0.017909050656898424,0.0192201963968799
410223,1,-0.006395492613514575,-0.0262344593228847,0.013443474095855546
410225,1,-0.04448137842184252,-0.07102593818403458,-0.017936818659650473
410322,0,-0.014087522856045476,-0.0324955200189241,0.0043204743068331365
410323,1,0.008106391388368883,-0.012539353513123484,0.028752136289861247
410324,0,-0.003031917134672435,-0.03720616747445528,0.031142333205110402
410325,0,-0.02353836079821736,-0.035532191158873266,-0.011544530437561458
410326,0,-0.021675651324939538,-0.032661828706247294,-0.010689473943631785
410327,0,-0.029597160636620157,-0.0411497581333079,-0.01804456313993242
410328,0,-0.017414436892436824,-0.028554074728432452,-0.0062747990564411965
410329,1,0.009555191558458132,-0.005936208918904909,0.02504659203582117
410381,1,0.023742492376664093,-0.006448884915926597,0.05393386966925477
410421,0,0.008199374364875611,-0.006790606177691111,0.023189354907442332
410422,0,-0.018965172164323807,-0.03572045511708467,-0.0022098892115629404
410423,0,-0.028033179081099313,-0.037066502660817846,-0.018999855501380787
410425,0,-0.02755038629826667,-0.04789621166732737,-0.007204560929205975
410481,1,-0.0010465277442390786,-0.04765144636631561,0.04555839087783744
410482,1,-0.03423174516747657,-0.06386914952442584,-0.004594340810527307
410522,1,-0.006409420627743967,-0.02351322535198492,0.010694384096496982
410523,0,-0.005715044582076945,-0.027793812764867365,0.01636372360071347
410526,1,-0.06156111708913278,-0.0796735181452113,-0.043448716033054266
410527,0,-0.011645578271624935,-0.029022642571285315,0.005731486028035443
410581,1,0.007792070753501801,-0.012954694812583812,0.02853883631958741
410621,0,-0.015272957252067315,-0.02534422816119295,-0.005201686342941684
410622,1,0.010603679412808542,-0.009400940859438382,0.030608299685055462
410721,1,0.006168558307754979,-0.01575105190045641,0.028088168515966364
410724,0,-0.007349585303502548,-0.025963218523402474,0.011264047916397374
410725,0,-0.028541637299872802,-0.040140107773749566,-0.016943166825996038
410726,0,-0.022607331906238343,-0.033803010339816066,-0.011411653472660621
410727,0,-0.03775823853965321,-0.05517943594527973,-0.0203370411340267
410781,0,-0.015436085073185613,-0.02819197054356711,-0.002680199602804117
410782,1,-0.0029872820190409155,-0.025211898858977108,0.019237334820895274
410783,0,-0.01912998490536827,-0.038351559429347995,9.158961861144982e-05
410821,0,0.01971104911765903,-0.0008051638032235409,0.0402272620385416
410822,1,0.014237177001233392,0.00095650186315175,0.02751785213931503
410823,0,0.004696659475132647,-0.020823605080197715,0.030216924030463006
410825,0,0.012536308136271934,-0.013594847131782335,0.0386674634043262
410882,1,0.013262428569487839,-0.01489504357875241,0.04141990071772808
410883,1,0.015867889568382587,-0.0013361185207058542,0.033071897657471025
410922,0,-0.02100949553417522,-0.03206755554196157,-0.00995143552638887
410923,0,-0.014176429961815284,-0.032893438233244074,0.004540578309613498
410926,0,-0.038309134833978686,-0.06307021555884382,-0.013548054109113562
410927,0,-0.02638054319236771,-0.05026763221370256,-0.002493454171032864
410928,1,-0.02451493075482547,-0.04428470520572124,-0.004745156303929705
411024,0,0.0006303090377693388,-0.028963361458035977,0.030223979533574648
411025,0,-0.0016639616799145052,-0.020792279441856902,0.01746435608202789
411081,1,0.010728830841627734,-0.004563739846809835,0.0260214015300653
411082,1,0.022541150611336103,-0.0034385943948401915,0.0485208956175124
411121,0,-0.02192155047012756,-0.029951794930929025,-0.013891306009326095
411122,1,0.008035595008836105,-0.012269195265554991,0.028340385283227194
411221,1,-0.00438590485710133,-0.034552425349939936,0.025780615635737265
411224,0,-0.03510844604228139,-0.056621451025863426,-0.013595441058699358
411281,1,0.006413081902578055,-0.02442434880458993,0.03725051260974603
411282,1,0.017230522913091795,-0.005320732742585349,0.03978177856876893
411321,0,-0.003181623792719579,-0.024196017212609437,0.017832769627170276
411322,0,-0.014609977581582945,-0.028505278371628417,-0.0007146767915374753
411323,0,-0.012417458964620487,-0.027208771988932595,0.0023738540596916196
411324,0,0.0171120055025501,-0.010628065413892555,0.04485207641899275
411325,0,-0.010956707526918408,-0.02856996987408828,0.0066565548202514625
411326,1,-0.015445444100964878,-0.03198181191943229,0.0010909237175025371
411327,0,-0.013763550568501481,-0.02387253099465103,-0.003654570142351935
411328,0,-0.02392323881252062,-0.056775851292644834,0.008929373667603588
411329,0,0.0046699923627878115,-0.020262627965247793,0.02960261269082341
411330,0,-0.010030248062795122,-0.028460780167513924,0.008400284041923677
411381,1,-0.04937174852592702,-0.06025895040277246,-0.038484546649081575
411421,0,-0.008705579111084494,-0.02599076151413275,0.00857960329196376
411422,0,-0.013741472251972253,-0.03145975879521744,0.003976814291272928
411423,0,-0.014587188435179588,-0.029696629239100804,0.0005222523687416231
411424,0,-0.01925282028390668,-0.03607748669212911,-0.0024281538756842497
411425,0,-0.013373444888317987,-0.029158453481631274,0.0024115637049952968
411426,0,-0.03677884650975549,-0.05253704826958448,-0.021020644749926504
411481,1,-0.0331312119369116,-0.04948109405778764,-0.01678132981603556
411521,0,-0.027854571739352074,-0.044479348443220317,-0.011229795035483835
411522,0,-0.028821759786451462,-0.046310364819979494,-0.011333154752923433
411523,0,-0.021524458245715306,-0.0412041533671202,-0.0018447631243104085
411524,0,-0.02814939688089102,-0.04903015726438934,-0.007268636497392705
411525,1,-0.04823622508663494,-0.06870709007391512,-0.02776536009935477
411526,1,-0.009125319538540955,-0.020470343369700238,0.0022197042926183266
411527,0,-0.01626466680151928,-0.02894163433968546,-0.0035876992633530978
411528,0,-0.024616741920063745,-0.04087186766613586,-0.008361616173991629
411621,0,-0.02021395588927466,-0.03493707320061322,-0.005490838577936105
411622,0,-0.013781615939176262,-0.026109773467883127,-0.0014534584104693993
411623,0,-0.0179114150926884,-0.02711435309123124,-0.008708477094145559
411624,0,-0.027225711520564244,-0.04534837465056038,-0.009103048390568112
411625,0,-0.04814231491092774,-0.07230361923664046,-0.023981010585215037
411627,0,-0.01518591885660342,-0.02910521455685576,-0.0012666231563510828
411628,1,-0.05586711654624643,-0.07237031110875788,-0.03936392198373499
411681,1,0.0018063720268313155,-0.024223076010659088,0.027835820064321712
411721,1,-0.009115527812606883,-0.020891351762789022,0.0026602961375752545
411722,0,-0.027534442100733136,-0.053746504721369784,-0.0013223794800964923
411723,0,-0.027252984433696448,-0.04638826290336485,-0.008117705964028051
411724,0,-0.03680199102265172,-0.0521179620440565,-0.02148602000124694
411725,0,-0.02226121638571113,-0.0314688187799794,-0.01305361399144286
411726,0,-0.01997024444807538,-0.028226433187873032,-0.011714055708277733
411727,0,-0.014597458394975449,-0.029342221833031153,0.000147305043080255
411728,0,-0.014728431419795629,-0.03381092380673564,0.004354060967144378
411729,1,-0.057431115915873215,-0.07561744958077282,-0.03924478225097361
420528,0,-0.016406201846589086,-0.0365686838500027,0.0037562801568245194
420529,0,-0.018464706279048587,-0.03742171566764364,0.0004923031095464617
420882,0,-0.011401682622507348,-0.02179982051024506,-0.001003544734769636
422801,1,-0.02008114710817427,-0.033648249746468635,-0.006514044469879908
422802,1,-0.024670420871249155,-0.03371221928983453,-0.015628622452663776
422822,0,-0.034740537839760194,-0.04951859869437221,-0.019962476985148178
422823,0,-0.02910178731093327,-0.03860849379732611,-0.01959508082454043
422825,0,-0.030830165384532926,-0.043843911986290826,-0.017816418782775026
422826,0,-0.03169385709219985,-0.04355865442207091,-0.019829059762328797
422827,0,-0.030282753208588697,-0.039005178669869744,-0.021560327747307657
422828,0,-0.03393557899418323,-0.0517539121049513,-0.016117245883415166
430121,1,-0.0035991803741743933,-0.03201851210987742,0.024820151361528625
430181,1,-0.011134590511579057,-0.03574403483738499,0.013474853814226872
430182,0,-0.006675174217734836,-0.03256324190428307,0.019212893468813393
430223,1,-0.031024043351627062,-0.04868921881407151,-0.013358867889182613
430224,1,-0.03374271745082602,-0.046194011203233146,-0.021291423698418896
430225,1,-0.046922064431888316,-0.06545621787277062,-0.028387910991006026
430281,1,0.006340504728036878,-0.017789566695636524,0.030470576151710272
430321,1,-0.03918982353007927,-0.05768057293931671,-0.02069907412084184
430381,1,-0.03222039038040825,-0.04317478160026732,-0.02126599916054918
430382,1,-0.02219910387684354,-0.04854744838174536,0.004149240628058274
430421,1,-0.03701796112066963,-0.04652232663436813,-0.027513595606971128
430422,1,-0.04408685657869643,-0.058963209942145975,-0.02921050321524689
430423,1,-0.025868302783887687,-0.043691154486613704,-0.008045451081161673
430424,1,-0.030866036070539227,-0.038165815500734945,-0.023566256640343508
430426,1,-0.043169503211898275,-0.061676459454716545,-0.024662546969080008
430481,1,-0.035142686358977604,-0.05501884053993331,-0.015266532178021899
430482,1,-0.04109303367196171,-0.049736975871744395,-0.03244909147217903
430522,1,-0.043224597904929385,-0.05779221212219929,-0.028656983687659485
430523,1,-0.047857604592689895,-0.06411478870568837,-0.031600420479691416
430524,1,-0.04578074961300577,-0.05750999438881592,-0.034051504837195615
430525,1,-0.04122028162174596,-0.05151627084360982,-0.0309242923998821
430527,1,-0.052708770907012314,-0.06476490283625008,-0.040652638977774554
430528,1,-0.047581524861283475,-0.05716465698580622,-0.037998392736760735
430529,0,-0.029607189020964014,-0.04112285550887118,-0.018091522533056854
430581,1,-0.0407098468193314,-0.05529162696982234,-0.02612806666884047
430582,0,-0.0121441474622066,-0.031911090226965845,0.007622795302552641
430621,1,-0.04306305923832526,-0.05482266145198975,-0.03130345702466078
430623,1,-0.0366495890481085,-0.05703786864277517,-0.016261309453441827
430624,1,-0.017458857353366608,-0.04117592809799514,0.006258213391261921
430626,1,-0.04304788958152689,-0.05028207601564849,-0.035813703147405285
430681,1,-0.031206539725659177,-0.04930307992436655,-0.01310999952695181
430682,1,-0.036210608667917366,-0.05583663584185414,-0.0165845814939806
430721,1,-0.04391022259146804,-0.060012539475806245,-0.027807905707129835
430722,1,-0.03782857237282927,-0.05177052825196971,-0.02388661649368884
430723,1,-0.03552739912380809,-0.0480194482728947,-0.023035349974721484
430724,1,-0.027741809312779864,-0.04105010727358918,-0.014433511351970551
430725,1,-0.030424597496644723,-0.042854511230205075,-0.017994683763084374
430726,1,-0.03268707907496288,-0.04259191118238214,-0.022782246967543617
430781,1,-0.02919356500226955,-0.04531537383694058,-0.01307175616759853
430821,1,-0.038832451263200896,-0.054019502179254164,-0.02364540034714763
430822,1,-0.05154109516002034,-0.06793780429294213,-0.035144386027098545
430921,1,-0.04177889792601025,-0.051454683815829315,-0.03210311203619119
430922,1,-0.040650758141651255,-0.049355949179288636,-0.03194556710401388
430923,1,-0.04601645185103487,-0.05969382669161001,-0.032339077010459724
430981,1,-0.036392771995093665,-0.04986254306279945,-0.02292300092738788
431021,1,-0.03151222786971147,-0.04876600164990681,-0.014258454089516134
431022,1,-0.03756969935617699,-0.06063181018816028,-0.014507588524193704
431023,1,-0.03033344574013974,-0.051192528246801795,-0.009474363233477695
431024,1,-0.027765499901957036,-0.0500117596758415,-0.0055192401280725785
431025,1,-0.03604560798500489,-0.06112101586106774,-0.01097020010894205
431026,1,-0.04164479683008637,-0.06323726454671812,-0.020052329113454635
431027,1,-0.04960438311473714,-0.06888439035990399,-0.030324375869570302
431028,1,-0.041720579671529395,-0.06948931758728942,-0.013951841755769377
431081,1,-0.01963342871909124,-0.032925609971709346,-0.006341247466473139
431121,1,-0.03851651109645515,-0.04684034461059758,-0.030192677582312734
431122,1,-0.03720987045629465,-0.05033811006647763,-0.02408163084611167
431123,1,-0.046521168619788916,-0.06489361683153377,-0.02814872040804407
431124,1,-0.043035934060650316,-0.05812899174453,-0.027942876376770634
431125,1,-0.04534348584546985,-0.060628672364437364,-0.030058299326502336
431126,1,-0.04632333010439621,-0.05513957394719852,-0.03750708626159391
431127,1,-0.03092245105210567,-0.04588037198137945,-0.015964530122831888
431128,1,-0.04872007103100498,-0.06189381862966399,-0.03554632343234597
431129,0,-0.030435776214435495,-0.043889702632089835,-0.016981849796781155
431221,1,-0.032357820424578576,-0.050864526242664826,-0.013851114606492326
431222,1,-0.03936728386366023,-0.063587688211951,-0.015146879515369461
431223,1,-0.0363692356793498,-0.057667822298777496,-0.015070649059922104
431224,1,-0.04272809912398989,-0.055689204114041733,-0.029766994133938057
431225,1,-0.047719874543534296,-0.06314933115260164,-0.03229041793446696
431226,0,-0.032538383550968886,-0.054383896322043566,-0.010692870779894208
431227,0,-0.039510383352926504,-0.06337251002026018,-0.01564825668559284
431228,0,-0.020666258388020553,-0.0379508815450256,-0.003381635231015513
431229,0,-0.021432282303615685,-0.03950526287440163,-0.003359301732829747
431230,0,-0.039864464843649,-0.05759961808732268,-0.022129311599975318
431281,1,-0.0367350423679218,-0.05248058314774858,-0.02098950158809502
431321,1,-0.03764537122490563,-0.05124866766732943,-0.024042074782481836
431322,1,-0.04127243763644595,-0.05464106874486804,-0.02790380652802385
431381,1,0.004363040579524913,-0.03414573606636423,0.04287181722541405
431382,1,-0.044271434966975665,-0.06373652913304381,-0.024806340800907514
433101,1,-0.015833755307774533,-0.038781246656074436,0.007113736040525363
433122,1,-0.06615144445024917,-0.1037644956425284,-0.028538393257969946
433123,1,-0.04814064112795696,-0.06457775194695776,-0.03170353030895617
433124,1,-0.033059095599138666,-0.07352366573134425,0.007405474533066905
433125,1,-0.06687137206343577,-0.10058903371782374,-0.03315371040904781
433126,1,-0.0509574329313342,-0.0769447420965858,-0.024970123766082597
433127,1,-0.053613640602583695,-0.0633268958023785,-0.04390038540278889
433130,1,-0.055747835487934994,-0.07209842416631851,-0.03939724680955148
440222,0,-0.021690246456399054,-0.037894836812647124,-0.005485656100150987
440224,0,-0.012330454748122444,-0.02841989061566418,0.0037589811194192885
440229,0,-0.018959958809805416,-0.03621495564377288,-0.0017049619758379535
440232,0,-0.026480192645408324,-0.04720692499962814,-0.005753460291188509
440233,0,-0.024751472685020842,-0.04823244021131609,-0.0012705051587255968
440281,0,-0.02108557277570844,-0.04211267855830099,-5.846699311588821e-05
440282,1,-0.009351520137608649,-0.04401067232257446,0.025307632047357156
440523,0,-0.035289247920165495,-0.06054585244460785,-0.01003264339572315
440781,1,-0.0006179981825819025,-0.025406252513479173,0.024170256148315365
440783,0,0.007731359080171474,-0.006269651675541553,0.021732369835884495
440784,0,0.01744205977675528,0.0025942286474707997,0.03228989090603976
440785,0,-0.0033697993083118827,-0.019871402247017656,0.013131803630393887
440823,0,-0.016065893529656844,-0.05290255204752736,0.020770764988213668
440825,0,-0.020933944889029027,-0.049568331423079544,0.007700441645021483
440881,0,-0.03456620014603287,-0.06939102882331809,0.0002586285312523376
440882,1,-0.009135380987825237,-0.036221504567175905,0.017950742591525425
440883,0,-0.03552828731897212,-0.06095439840453079,-0.010102176233413446
440923,1,0.004460383645049443,-0.014145289905102245,0.023066057195201124
440981,0,-0.006879133663679371,-0.03454162883081778,0.02078336150345904
440982,0,-0.010737508599970191,-0.03908304927840954,0.01760803207846915
440983,0,-0.015392343652684992,-0.04375493896965525,0.01297025166428526
441223,0,-0.0016257864230138919,-0.032857106172088285,0.02960553332606049
441224,0,0.0003650516522069047,-0.03978722731776527,0.04051733062217906
441225,0,-0.0021330879827122784,-0.034686035665441615,0.030419859700017052
441226,0,-0.003875635521869286,-0.038350425482799634,0.030599154439061055
441284,0,-0.002612332883357854,-0.03401475488565843,0.028790089118942715
441322,1,-0.02028096409698016,-0.046763874573665556,0.006201946379705232
441323,0,0.011790486703586345,-0.007212798457222891,0.030793771864395574
441324,0,-0.010239584630737458,-0.028925411241889763,0.008446241980414843
441422,0,-0.024551850665808783,-0.049682618658403295,0.0005789173267857252
441423,0,-0.03937182109482182,-0.07316041761576947,-0.005583224573874182
441424,0,-0.03170833881625093,-0.0595063735855843,-0.00391030404691757
441426,0,-0.02202411977218563,-0.0350775610622777,-0.008970678482093564
441427,0,-0.014626743417350041,-0.03139470268447569,0.0021412158497756024
441481,1,-0.030119208491193733,-0.05712646241471776,-0.003111954567669703
441521,1,0.004169630748889375,-0.010383333033461879,0.018722594531240623
441523,0,-0.016173590174635405,-0.04500336389623606,0.012656183546965249
441581,0,-0.01846787319973639,-0.05017733760189457,0.013241591202421785
441621,0,-0.03187386328794556,-0.05326173423231328,-0.010485992343577843
441622,1,-0.04490293777483079,-0.07349405657602553,-0.01631181897363605
441623,0,-0.010767163292561277,-0.04893502765501874,0.02740070106989618
441624,0,-0.03499487171079549,-0.07201992879886354,0.0020301853772725503
441625,0,-0.037587912475359364,-0.059783681741040026,-0.015392143209678709
441721,0,0.00195169625001812,-0.0074553591293516405,0.011358751629387877
441781,1,-0.03891401094882346,-0.06523186505655118,-0.012596156841095746
441821,0,-0.011163025588256104,-0.03440028399980909,0.012074232823296883
441823,0,-0.012099605734612912,-0.043133225407459445,0.018934013938233615
441825,0,-0.036186442121339535,-0.060869719742134495,-0.011503164500544578
441826,0,-0.03689327963067743,-0.06293891219921532,-0.010847647062139538
441881,1,-0.03630447659147293,-0.0700128689017282,-0.0025960842812176727
441882,0,-0.018475518135523533,-0.034237186871296725,-0.0027138493997503448
445122,1,-0.03796802021429169,-0.06037584681817326,-0.015560193610410115
445222,0,-0.03728218037699327,-0.06049802913983862,-0.014066331614147914
445224,1,-0.021789764992351413,-0.05356997626470645,0.009990446280003618
445281,1,-0.02106987166631169,-0.0438133566354417,0.001673613302818313
445321,0,-0.014179385430778402,-0.038419500096010126,0.010060729234453315
445322,0,-0.012369211275627873,-0.04078047054471348,0.016042047993457726
445381,1,-0.031718370882824226,-0.06693603844403981,0.003499296678391335
469025,0,-0.0334501289103446,-0.05381568849982433,-0.01308456932086488
469027,0,-0.02113819952982779,-0.038617495705701166,-0.0036589033539544125
469028,0,-0.025692562001158964,-0.043187831848227214,-0.008197292154090718
469029,0,-0.032910906639574994,-0.05071816284484783,-0.01510365043430216
469030,0,-0.03414883976524802,-0.05421462290224636,-0.014083056628249681
510121,0,0.011172798793275429,-0.0025533419281817404,0.024898939514732595
510129,0,0.007932708386927834,-0.010261932794442295,0.02612734956829796
510131,0,0.005317638223940768,-0.015460263902313004,0.026095540350194537
510132,0,0.00743210142481876,-0.014607792556275923,0.02947199540591344
510181,0,-0.0011275597822645311,-0.015305896478714363,0.013050776914185297
510182,0,0.0026298581251585906,-0.013066919776069743,0.01832663602638692
510183,0,0.006956843972832583,-0.01179419358721949,0.02570788153288465
510184,0,0.003964721436676699,-0.013633874099154342,0.021563316972507737
510321,1,0.014987469740264048,0.0015150604277123121,0.02845987905281578
510322,1,0.015131941323828613,0.004803096180831459,0.025460786466825765
510421,1,0.00027264543823113385,-0.02518940164495655,0.02573469252141881
510422,1,0.00825307920785412,-0.033917657449841515,0.05042381586554974
510521,1,0.011970240248279251,-0.006177035753616847,0.030117516250175343
510522,1,0.013788118569577956,-0.0013246731479354071,0.028900910287091318
510524,1,-0.0007725502938043527,-0.013702375399829549,0.01215727481222084
510525,1,0.002841282131956002,-0.015569044851657547,0.021251609115569548
510623,1,0.012305872386825789,-0.004251429199102444,0.02886317397275402
510681,1,0.005297916171898953,-0.0038987876517694257,0.014494619995567328
510682,1,0.004233877299352096,-0.021548979362210927,0.03001673396091511
510683,1,-0.001506335572605766,-0.026452901403157633,0.023440230257946094
510722,1,0.011422258116805972,-0.0005797343288057918,0.023424250562417735
510723,1,0.007731568870086358,-0.00850182000616613,0.023964957746338843
510725,1,0.013341649071786643,-0.005803024274712021,0.0324863224182853
510726,0,-0.003451665397370407,-0.018528502551751137,0.011625171757010319
510727,1,-0.012454929956674105,-0.04821139373459768,0.023301533821249457
510781,1,0.0037654823052793995,-0.011023155854740913,0.01855412046529971
510821,1,0.007283141713377572,-0.008376636419202329,0.02294291984595747
510822,1,-0.006673284644315797,-0.03320534709969734,0.019858777811065736
510823,1,0.0011457370310664072,-0.018785577534807554,0.021077051596940365
510824,1,-0.002522096284438169,-0.018729954146925264,0.013685761578048919
510921,1,0.0052542060623648745,-0.00922213057703398,0.019730542701763727
510923,1,0.01419054809606407,0.000255929419682957,0.028125166772445184
510981,0,0.004290045491779304,-0.009479297716767353,0.01805938870032596
511024,1,0.002042021895653001,-0.015346208174311687,0.019430251965617686
511025,1,0.014356838327020338,-0.003898327540451465,0.03261200419449214
511083,0,0.0016898847863655586,-0.025084441553967454,0.028464211126698565
511123,1,0.006368157264682983,-0.015516465508560038,0.028252780037926
511124,1,0.017027669594729067,0.001330630324371411,0.032724708865086716
511126,1,0.006330888237610854,-0.004285347351838827,0.016947123827060533
511129,1,0.0005424917009956842,-0.023660697948784403,0.024745681350775768
511132,0,-0.0015757793815925902,-0.06060486832583276,0.05745330956264757
511133,0,-0.003718399059001898,-0.025689771040617367,0.018252972922613568
511181,1,0.00040741777491309916,-0.01874701874662475,0.019561854296450944
511321,1,0.013069333132224192,-0.002657771477046659,0.02879643774149504
511322,1,0.003334537545112204,-0.015749017563404497,0.0224180926536289
511323,1,0.010920560043696292,-0.0009492311360837502,0.022790351223476335
511324,1,-0.003248929193066963,-0.02058820215565002,0.014090343769516091
511325,1,0.0014916345856130775,-0.013880410695543565,0.016863679866769718
511381,1,0.01044518869297606,-0.0016469013736215565,0.022537278759573672
511421,1,0.014468542473213664,0.0001825627885005173,0.028754522157926808
511423,1,-0.001980490714270422,-0.025792802568091865,0.021831821139551018
511424,1,0.010627342027589748,-0.009769975650220291,0.031024659705399783
511425,1,0.005395229088498432,-0.020139108534339645,0.030929566711336502
511523,1,0.018624607095427015,0.006302817221415905,0.03094639696943812
511524,1,0.01529954355574753,-0.0013687611130584927,0.03196784822455355
511525,1,0.006965812435557772,-0.013058501273337363,0.026990126144452904
511526,1,0.007225213062619307,-0.024637159280953808,0.039087585406192414
511527,1,0.010631160599110234,-0.010687251090409411,0.03194957228862987
511528,1,0.008563547235408031,-0.00460337751100841,0.02173047198182447
511529,1,0.0021651713142286644,-0.022180473391689364,0.02651081602014669
511621,1,0.01213734874026251,-0.006839800031740971,0.031114497512265984
511622,1,0.011585131447661212,-0.0013595466795700128,0.024529809574892435
511623,1,0.014101404440918897,-0.0005126439744889254,0.028715452856326713
511681,1,-0.0006961128103820657,-0.02464258460986395,0.02325035898909981
511722,1,0.011771687246181939,-0.0006978722408997745,0.02424124673326365
511723,1,0.006700984808166721,-0.00519049057305121,0.01859246018938465
511724,1,0.008044767362164307,-0.0024065586793121565,0.018496093403640765
511725,1,0.012938444566404195,-0.0019745509615388852,0.02785144009434727
511781,1,0.010725092537665237,0.0007422330521563453,0.020707952023174128
511822,1,-0.0031292885101817935,-0.029688232685389507,0.023429655665025913
511823,1,0.0048575296053975925,-0.01372191161718618,0.023436970827981362
511824,1,0.005165563985844446,-0.03076522097403571,0.041096348945724594
511825,1,-0.0015294653567600736,-0.02990852511209157,0.02684959439857142
511826,1,-0.0182868822683816,-0.043791757051466734,0.007217992514703526
511827,1,-0.016478648879816538,-0.05064565031175624,0.017688352552123157
511921,1,-0.004187330381442311,-0.027298045694417964,0.018923384931533335
511922,1,-0.0019774665462290453,-0.016009513721815114,0.012054580629357022
511923,1,-0.0008029201274725728,-0.021654451951322946,0.020048611696377793
512021,1,0.007342241980663022,-0.014124843851274878,0.028809327812600916
512022,1,0.015048088823976291,-0.0017527158245859674,0.031848893472538546
513201,0,-0.01719851568191494,-0.07521960562474295,0.040822574260913055
513221,0,0.0036826747449413832,-0.03481810229977809,0.04218345178966085
513222,0,-0.0035410516205351406,-0.08596327151288696,0.07888116827181667
513223,0,-0.018661172027198802,-0.0795834127054437,0.042261068651046084
513224,0,-0.017732914936854527,-0.05541600649994008,0.01995017662623102
513225,0,0.008766857760827251,-0.03254207186962932,0.05007578739128381
513226,0,-0.011521530524433471,-0.042445708573028,0.01940264752416105
513227,0,-0.01847812207891636,-0.06115994513301817,0.02420370097518544
513228,0,-0.017312622036976894,-0.04698319398767266,0.012357949913718861
513230,0,-0.014719640822468183,-0.04534620155641081,0.015906919911474436
513231,0,-0.014111064092108438,-0.05775182348749679,0.029529695303279896
513232,0,-0.013201876819965791,-0.057681645061874634,0.03127789142194304
513233,0,-0.01574014392706302,-0.05944608260385126,0.027965794749725208
513301,0,-0.0072262951901796435,-0.04853506933827082,0.03408247895791153
513322,0,-0.019561256939169547,-0.08412944787721652,0.04500693399887741
513323,0,-0.022506516034430657,-0.05172421731848502,0.006711185249623705
513324,0,0.0031530022828486493,-0.09745990197060947,0.10376590653630675
513325,0,-0.015586556790240597,-0.05291163363579055,0.02173852005530935
513326,0,-0.019576083204761757,-0.06256477579592092,0.023412609386397387
513327,0,-0.014636488148359161,-0.04528470847005809,0.01601173217333976
513328,0,-0.013650369871054058,-0.04268370631634483,0.015382966574236705
513329,0,-0.016632163573404135,-0.05098601696766092,0.017721689820852635
513330,0,-0.012773199447845468,-0.04750030608689643,0.021953907191205477
513331,0,-0.013598770973952123,-0.04661385725889939,0.019416315310995136
513332,0,-0.014041878172986244,-0.05444543806089557,0.026361681714923077
513333,0,-0.01390134641481855,-0.046224503266735044,0.018421810437097938
513334,0,-0.013920393047431728,-0.04883929161086301,0.020998505515999542
513335,0,-0.02436928198715621,-0.1088325187063251,0.060093954732012664
513336,0,-0.026829485060571617,-0.06627848990702163,0.012619519785878393
513337,0,-0.013575506012395738,-0.04903244776726784,0.021881435742476356
513338,0,-0.019363958725453906,-0.05997214144664913,0.02124422399574131
513401,0,0.0011047337415294178,-0.015042223586769928,0.01725169106982876
513422,0,-0.0067194453352066585,-0.03645091530998125,0.02301202463956793
513423,0,-0.003979002111067109,-0.01734704088581388,0.00938903666367966
513424,0,0.007450380991673833,-0.028012300197693393,0.04291306218104105
513425,0,0.0016639086886608978,-0.020643970228112034,0.023971787605433826
513426,0,0.010478092324120503,-0.013248503005808373,0.034204687654049375
513427,0,0.002778129799040935,-0.027490897190604976,0.03304715678868684
513428,0,-0.002986584278344334,-0.026383893407330935,0.020410724850642263
513429,0,-0.00869339125613372,-0.03131133613569107,0.013924553623423628
513430,0,-0.008604415450683661,-0.03817446280678208,0.020965631905414745
513431,0,-0.01012578305673717,-0.04207446264284521,0.02182289652937086
513432,0,-0.0043907011014729935,-0.023061652890927018,0.014280250687981028
513433,0,0.0007080592855583934,-0.0179585656553281,0.019374684226444883
513434,0,-0.0021851602922883795,-0.02637557428927884,0.022005253704702073
513435,0,-0.011126642489518834,-0.04548463469835893,0.023231349719321254
513436,0,-0.008473048326908317,-0.037327892495852735,0.02038179584203609
513437,0,0.0008429645628600102,-0.016273362514194915,0.017959291639914932
520121,0,-0.021974700269325298,-0.05827437503628457,0.014324974497633966
520122,0,-0.01762125296113687,-0.06036582522857641,0.025123319306302662
520123,0,-0.02339515542155801,-0.053272864573429786,0.006482553730313756
520181,0,-0.01638809892803933,-0.05382252618325904,0.021046328327180376
520221,0,-0.032219531303220084,-0.06962377227959103,0.005184709673150857
520281,0,0.00015024884774988978,-0.05661201193123385,0.05691250962673362
520322,0,-0.023885324148020803,-0.044957070840430255,-0.002813577455611352
520323,0,-0.023925403338191875,-0.040013470185156066,-0.00783733649122769
520324,0,-0.023968878445766284,-0.04046210955363026,-0.007475647337902309
520325,0,-0.006974567027190792,-0.022636579618724142,0.008687445564342554
520326,0,-0.007929709034179139,-0.028146799384376434,0.01228738131601815
520327,0,-0.02172664038097863,-0.043380102631225326,-7.317813073193236e-05
520328,0,-0.026162593920431215,-0.04494691481192563,-0.007378273028936802
520329,0,-0.017693659024553388,-0.036193715961919254,0.0008063979128124787
520330,0,-0.026113859333808,-0.04757076192079199,-0.004656956746824016
520381,0,-0.036062321228402416,-0.06949323566068324,-0.002631406796121602
520382,1,-0.009291543477462083,-0.05020260456546921,0.03161951761054504
520422,0,-0.03164245533517629,-0.0541705570602099,-0.009114353610142685
520423,0,-0.008802110521444445,-0.03317129556067227,0.015567074517783372
520424,0,0.002322874305236561,-0.01205089314265991,0.016696641753133026
520425,0,-0.009157116132109289,-0.03486922070802538,0.0165549884438068
520521,0,-0.028004196405981563,-0.05309728786063865,-0.0029111049513244856
520522,0,-0.032481958267235544,-0.05579837373054716,-0.009165542803923933
520523,0,-0.01711753716431319,-0.04800749149243369,0.013772417163807307
520524,0,-0.0197231324686179,-0.043185030013757564,0.003738765076521766
520525,0,-0.025086106059539648,-0.05886540588069593,0.008693193761616626
520526,0,-0.0011315965161796115,-0.015717082693613695,0.013453889661254466
520527,0,-0.023633873186372056,-0.036771225063234644,-0.010496521309509474
520621,0,-0.02517496171845718,-0.05384308129738967,0.0034931578604753093
520622,0,0.0023542158700382565,-0.02879093997419405,0.03349937171427056
520623,0,-0.02329159323808705,-0.045368133124462,-0.0012150533517120976
520624,0,-0.02171882230013991,-0.040743452367175165,-0.002694192233104662
520625,0,-0.0074101384016035665,-0.02380912744090905,0.008988850637701915
520626,0,-0.024484091950217307,-0.047625451361482635,-0.0013427325389519865
520627,0,-0.007380870483997604,-0.022145894220917946,0.007384153252922736
520628,0,-0.0061974488916928805,-0.01904340610730902,0.006648508323923259
522301,0,-0.004190648070850067,-0.030916885230040082,0.02253558908833994
522302,0,-0.0008255728961955588,-0.020755354118309095,0.019104208325917974
522323,0,-0.005448520411294344,-0.0408830719974092,0.0299860311748205
522324,0,-0.003558092164744675,-0.027011185221532875,0.01989500089204352
522325,0,-0.01108074895932809,-0.04055070341146526,0.018389205492809074
522326,0,-0.028768228664113965,-0.04989772564030154,-0.007638731687926399
522327,0,-0.030087474217532273,-0.05704019790604242,-0.0031347505290221303
522328,0,0.0030776162979649913,-0.014830988499910946,0.02098622109584092
522601,0,-0.00022047896751592466,-0.03696842972380874,0.03652747178877688
522622,0,-0.027945483043400277,-0.051849672296828506,-0.004041293789972051
522623,0,-0.0031288037059463147,-0.039967929319308176,0.03371032190741553
522624,0,-0.009377611656328916,-0.028324508546539617,0.009569285233881782
522625,1,0.004691208801939739,-0.01844719070569951,0.027829608309578986
522626,0,-0.0046098942857846215,-0.032861962954725606,0.023642174383156356
522627,0,-0.0010168573064084363,-0.019841321988187086,0.017807607375370207
522628,0,-0.012779566075787258,-0.044622122650655606,0.019062990499081084
522629,0,-0.009656231981204133,-0.0347285400195977,0.015416076057189428
522630,0,-0.005450128058844622,-0.03719643281436097,0.026296176696671718
522631,1,-0.028911390021563926,-0.04327438155819925,-0.014548398484928601
522632,0,-0.00926572869833664,-0.03329600268406059,0.014764545287387302
522633,0,-0.025880952483252673,-0.0447758925764242,-0.006986012390081158
522634,0,-0.010199605389394545,-0.03326515395687583,0.012865943178086734
522635,0,-0.0015077017257847936,-0.03132764889544105,0.028312245443871453
522636,0,-0.03102187010399257,-0.05228631207711743,-0.009757428130867715
522701,0,0.0031405205098409827,-0.0317778932664365,0.03805893428611845
522702,1,0.0016972162229406673,-0.018852088942666444,0.022246521388547772
522722,0,-0.02425839509319766,-0.05105827345593544,0.002541483269540113
522723,0,-0.0015834540543038234,-0.02042521466381611,0.01725830655520846
522725,0,0.004623986031793148,-0.007648517063533429,0.016896489127119725
522726,0,-0.029751964831349537,-0.050769592095260066,-0.008734337567439018
522727,0,-0.022966025341268487,-0.04594690228949662,1.4851606959645491e-05
522728,0,-0.03354814731501582,-0.06214542840806986,-0.0049508662219617874
522729,0,-0.023818379746393364,-0.04750277920544861,-0.0001339802873381278
522730,0,0.009081342736212306,-0.04252064858024133,0.06068333405266593
522731,0,0.00357952485421692,-0.010802907386732317,0.017961957095166153
522732,0,-0.009351620772083347,-0.035107180378697214,0.016403938834530514
530124,0,-0.004647157609831309,-0.0257051620011307,0.016410846781468074
530125,0,0.009828642364047901,-0.015439326251359874,0.03509661097945567
530126,0,0.007506064900858839,-0.015288783781617445,0.03030091358333512
530127,0,-0.0013268233704076815,-0.018562165904456217,0.01590851916364085
530128,0,-0.004122059871217942,-0.024777400131419387,0.016533280388983496
530129,0,-0.0030119487871077544,-0.022991616095394758,0.016967718521179245
530181,0,0.02354775584227231,-0.055125398261669525,0.10222090994621413
530322,0,0.012642268141072055,-0.0026181205101152953,0.027902656792259402
530323,0,0.003966083582955304,-0.014593635702329296,0.0225258028682399
530324,0,0.005342997321405862,-0.010732996938190797,0.02141899158100252
530325,0,-0.00046177002246028387,-0.023310908678285197,0.022387368633364626
530326,0,-0.0030398543593252447,-0.052431274062966694,0.04635156534431619
530381,0,-0.025649934845236422,-0.04378947517255122,-0.007510394517921633
530423,0,0.004713505151155317,-0.015012306697369159,0.02443931699967979
530424,0,0.004186497441786896,-0.023544417170439477,0.031917412054013265
530425,1,-0.00029670442875390224,-0.031460098487428576,0.030866689629920764
530426,0,0.0016779145584152055,-0.03882359529991124,0.04217942441674164
530427,0,-0.01485309588691866,-0.04513157622958214,0.015425384455744807
530428,0,0.0025373729564866776,-0.024062190676480907,0.029136936589454255
530481,0,-0.000879257344125306,-0.04329777180165548,0.04153925711340486
530521,0,-0.005703960576426498,-0.022851275798322322,0.011443354645469323
530523,0,0.0003777884340074589,-0.018499917254845177,0.01925549412286009
530524,0,0.0006524336751577708,-0.015201038429390627,0.016505905779706165
530581,0,-0.0011278600336841471,-0.019123561942168636,0.016867841874800338
530621,0,0.0009821305658428425,-0.025752320411859167,0.027716581543544845
530622,0,-0.004277491888247387,-0.018082375656455592,0.009527391879960816
530623,0,-0.0004480065943164302,-0.016998568965217047,0.016102555776584183
530624,0,-0.003028832978602569,-0.027405370216277068,0.021347704259071922
530625,0,0.006474462533148317,-0.007712276663821273,0.020661201730117904
530626,0,-0.013634988517827573,-0.03732379671659,0.010053819680934849
530627,0,-0.02205433725146394,-0.03762890903620662,-0.006479765466721257
530628,0,-0.0033540851996743393,-0.01939691895378733,0.012688748554438647
530629,0,-0.007117051883983677,-0.028259970372188813,0.014025866604221456
530681,0,0.014147456505931133,-0.035034635290828266,0.06332954830269052
530721,0,-0.008657365874983086,-0.037003461302110685,0.019688729552144506
530722,1,-0.004949360036792999,-0.02252690144496913,0.012628181371383128
530723,0,-0.007752737123562253,-0.05428804154520397,0.038782567298079454
530724,0,-0.009683634497693744,-0.037356644205371325,0.01798937520998383
530821,0,-0.0010637782097799031,-0.029109199034955645,0.02698164261539583
530822,0,-0.002371976178382529,-0.028362984686285828,0.023619032329520763
530823,0,-0.0024101405615581106,-0.023821585237221166,0.019001304114104937
530824,0,-0.0021398581385171367,-0.028679064681147056,0.024399348404112776
530825,0,-0.007151924697834849,-0.03557233353980658,0.021268484144136873
530826,0,-0.005497479967581653,-0.027581573991874095,0.016586614056710785
530827,0,-0.0035334482707853054,-0.03717751776707242,0.030110621225501802
530828,0,0.0005527081527136879,-0.018682925908121435,0.019788342213548808
530829,0,-0.01825139210919735,-0.06232826082965514,0.02582547661126043
530921,0,-0.003647641086086395,-0.014447766067021044,0.007152483894848252
530922,1,-0.00037959379693602857,-0.02934258771710602,0.028583400123233956
530923,0,-0.0031996795138217737,-0.023273091420625683,0.016873732392982132
530924,0,-0.0017438883809708094,-0.0196750791169248,0.01618730235498318
530925,0,-0.00488602173988209,-0.022683785538250845,0.01291174205848666
530926,0,0.003472921772340154,-0.02187497427964898,0.028820817824329284
530927,0,-0.0037708714027666623,-0.025063751119989586,0.017522008314456255
532301,0,-0.0009956889057365914,-0.03510600512688105,0.03311462731540786
532322,0,-0.005083750843096924,-0.02673457933511944,0.016567077648925586
532323,0,0.0012664966711711245,-0.021168338590681526,0.023701331933023772
532324,0,-0.003747869956343103,-0.0205904009782512,0.013094661065564991
532325,0,0.0016013005340723696,-0.02287715024251845,0.02607975131066318
532326,0,-0.00030128318469985205,-0.022358833377526924,0.021756267008127213
532327,0,-0.008607061016762091,-0.03637309627351745,0.01915897423999326
532328,0,-0.0017369893492347466,-0.016868128268842916,0.013394149570373418
532329,0,0.0005821661251803056,-0.010376480958527739,0.011540813208888348
532331,0,0.00796092203855675,-0.017623396864450226,0.03354524094156372
532501,0,0.01106029170499051,-0.045635360649282475,0.0677559440592635
532502,0,0.02017598496000156,-0.03972020486776662,0.08007217478776972
532503,0,0.012969740733467516,-0.030382229716286104,0.05632171118322113
532504,0,0.004900979381908865,-0.026105712204649377,0.0359076709684671
532523,0,-0.002775765684598752,-0.02814179451582891,0.022590263146631397
532524,0,0.006011701819602144,-0.027007129387843727,0.039030533027048
532525,0,0.0022309340477415784,-0.02356387579850886,0.02802574389399201
532527,0,-0.0017271070595538673,-0.030352914852548374,0.026898700733440632
532528,0,-0.004110994034733723,-0.023349312354174187,0.015127324284706738
532529,0,-0.00732244958284356,-0.03325727852986744,0.01861237936418032
532530,0,-0.0007520969184395543,-0.028061696744677143,0.026557502907798028
532531,0,-0.0066297357603503915,-0.03873479627590136,0.02547532475520057
532532,0,-0.00916941657661477,-0.03523479258155888,0.016895959428329336
532601,0,0.004966338035859275,-0.027458393463333827,0.03739106953505237
532622,0,-0.0016925989404453223,-0.0249342229574285,0.021549025076537852
532623,0,-0.006707554072383964,-0.02782056873579779,0.014405460591029859
532624,0,-0.0004653338676019192,-0.022369132927293433,0.021438465192089588
532625,0,0.004458845338293493,-0.01163902903203548,0.020556719708622464
532626,0,-0.00786482205352837,-0.03039558833236503,0.014665944225308283
532627,0,-0.00607925349472388,-0.023554873356317542,0.011396366366869776
532628,0,0.0068794657275713655,-0.012915151584428592,0.02667408303957132
532801,0,0.0069551157050547485,-0.02442061543093424,0.03833084684104373
532822,0,-0.0006853839379094562,-0.02041977913728059,0.019049011261461673
532823,0,0.013753412899453699,-0.005176995097886283,0.032683820896793676
532901,0,0.005106056179173035,-0.03920129406263777,0.04941340642098383
532922,0,-0.004095617200499974,-0.028160837399119572,0.01996960299811962
532923,0,0.010280244091522561,-0.010839391027238895,0.03139987921028401
532924,0,0.010425048693213035,-0.005698572392945609,0.026548669779371675
532925,0,0.0023535281944958852,-0.009457084803256369,0.014164141192248136
532926,0,-0.004559154517836034,-0.034075628572067605,0.024957319536395534
532927,0,0.001799432265377543,-0.015322539710599437,0.01892140424135452
532928,0,-0.0014176129867901899,-0.024108920119367255,0.021273694145786868
532929,0,-0.002882671690930344,-0.029781633552270533,0.02401629017040984
532930,0,0.0004266112041927117,-0.013496264746610554,0.014349487154995974
532931,0,-0.0025870038481670132,-0.02749802806668158,0.022324020370347548
532932,0,-0.003468080560761283,-0.02322737837982682,0.016291217258304246
533102,0,0.0016274030579281062,-0.023926662802044196,0.027181468917900402
533103,0,0.001839840656809033,-0.014334551297844517,0.01801423261146258
533122,0,-0.013067361234681801,-0.036896726815079786,0.01076200434571618
533123,0,-0.0011834796878535947,-0.025090036011212714,0.02272307663550552
533124,0,-0.004276081759638978,-0.030318666431982246,0.021766502912704287
533301,0,-0.012394007921186001,-0.04217586395507783,0.01738784811270582
533323,0,-0.014189973037195824,-0.04828262054441978,0.019902674470028123
533324,0,-0.018188121845058608,-0.053901361905404434,0.01752511821528721
533325,0,0.007969688023157506,-0.060883429918868706,0.0768228059651837
533401,0,-0.00856963016364981,-0.02855869692669302,0.011419436599393394
533422,0,-0.022647837730656567,-0.057612151599664194,0.012316476138351053
533423,0,-0.011383883998153516,-0.03644816523872769,0.013680397242420653
610122,0,-0.003464555620289911,-0.022479638266260826,0.015550527025681
610222,0,-0.023786958475816106,-0.04660531945635414,-0.0009685974952780806
610323,1,0.004593298414237779,-0.017240227628672267,0.026426824457147818
610326,0,0.007982346815237351,-0.009062105050780905,0.025026798681255603
610328,0,0.002280541401453451,-0.02300957123883295,0.027570654041739844
610329,0,-0.001185765502219105,-0.019928270598794942,0.01755673959435673
610330,0,-0.0011795223270074096,-0.03165937175234744,0.029300327098332617
610331,0,-0.034627623732203766,-0.06353752171376437,-0.0057177257506431725
610422,1,0.012148432686118094,-0.006321353881814068,0.03061821925405025
610423,0,0.011108005864336967,-0.001868280269253923,0.024084291997927856
610424,0,0.012941592006706415,-0.001832351643950094,0.02771553565736292
610425,0,0.013351101291502632,0.0028865132152956705,0.023815689367709593
610426,0,-0.013305545056366358,-0.034827434769051466,0.008216344656318746
610428,0,-0.0025780699928796003,-0.022596384267096578,0.017440244281337374
610429,0,-0.00027100634563403947,-0.0232393325200757,0.022697319828807613
610481,1,0.00637670782243871,-0.00792000667477987,0.020673422319657284
610482,0,-0.010163689673269916,-0.04751381993387801,0.02718644058733817
610522,0,0.015578984975129495,-0.0411314790661048,0.07228944901636378
610523,0,-0.006397384119630145,-0.02000693070376224,0.007212162464501945
610524,0,0.007907118360607146,-0.004881351252618743,0.02069558797383303
610525,0,0.01098972234719131,-0.012184744283009263,0.034164188977391874
610527,0,0.01051925294508077,-0.006197362648541167,0.0272358685387027
610581,1,0.011398600013798277,-0.023722493075200794,0.04651969310279734
610582,0,-4.4336608956419e-07,-0.03021639310121028,0.030215506369031146
610621,0,-0.0058296179783760005,-0.03979072064973791,0.028131484692985903
610625,1,0.06218682289452121,-0.07265109470583636,0.19702474049487875
610626,1,0.056027564747808845,-0.052285811716984515,0.16434094121260218
610627,0,0.04668564819226134,-0.05205003751254854,0.14542133389707118
610628,0,0.0011927993597407316,-0.02446701809963793,0.02685261681911939
610629,0,0.007343292122756195,-0.0183299305390559,0.03301651478456828
610630,0,-0.011621568706957297,-0.04501638836775701,0.02177325095384241
610631,0,-0.023481077544618728,-0.0621416390465039,0.01517948395726644
610632,0,0.031245918290148056,-0.05558532299913005,0.11807715957942613
610681,0,0.030545675974730346,-0.04117935677902364,0.10227070872848432
610722,0,0.017109663380163176,0.005412111118516331,0.02880721564181002
610724,0,0.010461141829107734,-0.004427559185741989,0.025349842843957453
610725,0,0.002109592042617625,-0.020345217318780466,0.024564401404015713
610726,0,0.011089236463088015,-0.00511527081184639,0.027293743738022416
610727,0,0.005856340582383102,-0.033703309988134915,0.04541599115290111
610729,0,-0.028423348045263502,-0.04769832445443574,-0.009148371636091269
610730,0,-0.03678727459475037,-0.08276424990255485,0.00918970071305411
610822,1,0.041947067929031634,-0.07442274547825295,0.1583168813363162
610824,1,0.012638906495690605,-0.034297576139001223,0.05957538913038242
610825,0,-0.007180830318187059,-0.05253061172430911,0.038168951087934985
610826,0,-0.014366612382624627,-0.04275813102878009,0.014024906263530826
610827,0,-0.01332644296827723,-0.03784707350875412,0.011194187572199654
610828,0,-0.021672307874714664,-0.051470833552159825,0.008126217802730488
610829,0,-0.023569426589745313,-0.06602511869969935,0.018886265520208702
610831,0,-0.013662131179690007,-0.04420307304516184,0.016878810685781818
610881,0,0.0067777868333776525,-0.07601269841305698,0.08956827207981227
610921,0,0.005747615258705707,-0.01864496369998587,0.030140194217397276
610922,0,0.0017763355267474412,-0.024698577113844846,0.02825124816733972
610923,0,-0.01927883724135071,-0.031468934196028024,-0.007088740286673398
610925,0,-0.012816012170303509,-0.03742285414383319,0.011790829803226165
610926,0,0.0019896399029136758,-0.02605354772638737,0.030032827532214718
610927,0,-0.01020971973227422,-0.024723283029795963,0.004303843565247519
610928,1,0.010998451092906036,-0.0033334335936413655,0.025330335779453435
610929,0,0.000326765887225966,-0.025424115223476377,0.026077646997928302
611021,0,0.009628111985592436,-0.010801422270872347,0.030057646242057215
611022,0,-0.013118956491460831,-0.0226768567312872,-0.003561056251634463
611023,0,-0.0019265587380519478,-0.024093744613449746,0.020240627137345847
611025,0,-0.0011398480112459475,-0.01252197667984303,0.010242280657351131
611026,1,0.0029919305416545305,-0.02884276028517105,0.0348266213684801
620121,0,-0.01716480634359513,-0.042591561574173244,0.008261948886982978
620122,0,-0.030436611118108886,-0.05654856303524357,-0.0043246592009742145
620123,0,-0.03354288420246898,-0.05828053855121388,-0.008805229853724086
620321,0,-0.029449572852541794,-0.04883251639974448,-0.010066629305339112
620421,0,-0.011698129539428392,-0.02864231577523103,0.005246056696374242
620422,0,-0.015512323217955204,-0.03525231427448856,0.004227667838578145
620423,0,-0.013856795297107233,-0.03402322072798723,0.006309630133772767
620521,0,-0.025472418239962158,-0.04585815436620602,-0.005086682113718304
620522,0,-0.023047582209216155,-0.03682697115967612,-0.009268193258756196
620523,0,-0.021373629445739478,-0.04398181680707523,0.0012345579155962731
620524,0,-0.012807317773599836,-0.028268298740632247,0.0026536631934325726
620525,0,-0.013031562812343384,-0.0376822770106726,0.011619151385985828
620621,0,0.002433047297825841,-0.018426745262616274,0.02329283985826795
620622,0,-0.020399379037514487,-0.04222751475762711,0.0014287566825981306
620623,0,-0.012809518618793009,-0.07155634789895504,0.04593731066136901
620721,0,-0.021151347778802537,-0.06652631632588416,0.024223620768279074
620722,0,-0.0109553978034658,-0.02763218998190111,0.005721394374969508
620723,0,-0.0003380289568706285,-0.014633972360533777,0.013957914446792518
620724,0,0.0024262619413301656,-0.0072941469514735645,0.012146670834133894
620725,0,-0.018043031190419,-0.04253182475716451,0.0064457623763264985
620821,0,-0.012272900988458929,-0.02372320842289525,-0.0008225935540226107
620822,0,-0.021554550506454467,-0.048241595892760405,0.00513249487985146
620823,0,-0.03086779739216214,-0.06954354268909224,0.007807947904767951
620825,0,-0.017858036073479855,-0.039489184796292404,0.003773112649332687
620826,0,-0.011255144586184568,-0.03325991214311222,0.01074962297074308
620881,0,0.02084706813339532,-0.04487168066573305,0.08656581693252367
620921,0,0.0035456969611362132,-0.0054316631032309565,0.012523057025503381
620922,0,-0.004746599296102549,-0.03146391320341094,0.02197071461120583
620923,0,0.008292444593989978,-0.06947100454595403,0.08605589373393396
620924,0,-0.0022225421703786497,-0.07719448511643047,0.07274940077567316
620981,0,0.006127065702937584,-0.03268382632037572,0.04493795772625088
620982,0,-0.005387140638978549,-0.020050138895810622,0.009275857617853519
621021,0,-0.005410123304496639,-0.039609802757525084,0.0287895561485318
621022,0,-0.047060081628634454,-0.07957445903087505,-0.014545704226393862
621023,0,-0.01002919292727622,-0.03780824248305897,0.017749856628506522
621024,0,-0.03593715760890656,-0.08104236008188428,0.009168044864071155
621025,0,-0.021472923790892717,-0.04240981104636325,-0.0005360365354221928
621027,0,-0.021351722745011015,-0.03967546768707819,-0.0030279778029438445
621121,0,-0.021566958558732974,-0.04527132552747261,0.002137408410006654
621122,0,-0.018136646271493584,-0.03270789296805725,-0.0035653995749299235
621123,0,-0.019928909973949027,-0.0396741621396133,-0.0001836578082847623
621124,0,-0.01978432825973303,-0.03577336127379534,-0.003795295245670724
621125,0,-0.021853561709315933,-0.05104342318321872,0.00733629976458685
621126,0,-0.018955427760153215,-0.0389974457438142,0.0010865902235077697
621221,0,-0.03143367470583289,-0.0665320112002977,0.0036646617886319094
621222,0,-0.032938879662902515,-0.07783473692087518,0.011956977595070147
621223,0,-0.023527672653791437,-0.054763000341042936,0.007707655033460058
621224,0,-0.026632789187382794,-0.059051365257402226,0.0057857868826366315
621225,0,-0.025133032422212792,-0.05065128479688477,0.00038521995245917665
621226,0,-0.0217338117131827,-0.037857332865679175,-0.0056102905606862236
621227,0,-0.02563430138748729,-0.05477817335492799,0.0035095705799534013
621228,0,-0.025435549693764326,-0.0594028597153502,0.00853176032782154
622901,0,-0.0009688310601785877,-0.050475518236436014,0.04853785611607883
622921,0,-0.0019995104282523324,-0.021261230719772012,0.017262209863267344
622922,0,-0.023763920815590533,-0.0443060536915795,-0.0032217879396015704
622923,0,-0.024450059472982344,-0.09651788975733712,0.04761777081137242
622924,0,-0.03020194467200274,-0.05095975506085226,-0.00944413428315322
622925,0,-0.008591911595121099,-0.030986974954034015,0.01380315176379181
622926,0,-0.007495093450971907,-0.03319026989848575,0.018200082996541935
622927,0,-0.006661371589201048,-0.03672170612764848,0.023398962949246375
623001,0,-0.019064994200234803,-0.07029621962747723,0.032166231227007604
623021,0,-0.029860267561571036,-0.05520228365947563,-0.00451825146366645
623022,0,-0.024733644827960394,-0.07062050444081086,0.021153214784890066
623023,0,-0.025344751441115726,-0.05706347008758478,0.006373967205353319
623024,0,-0.03206761350031068,-0.07365377425222563,0.009518547251604267
623025,0,-0.029254560344596447,-0.07199903613087846,0.013489915441685568
623026,0,-0.01948238630054866,-0.0459568907312006,0.006992118130103274
623027,0,-0.011201216342646342,-0.05044408388488798,0.028041651199595292
630121,0,0.0023135097246030356,-0.04029366328723012,0.04492068273643618
630123,0,-0.03208114323657965,-0.07364709325791316,0.009484806784753844
630222,0,-0.012176036580332672,-0.032278220768536495,0.007926147607871147
630223,0,-0.0009371219342668158,-0.024235911778933455,0.022361667910399816
630224,0,-0.010455516417928135,-0.07250716174667639,0.051596128910820105
630225,0,-0.013406820917328588,-0.06919913589334623,0.04238549405868904
632221,0,-0.002477228055135894,-0.017572935844534815,0.012618479734263024
632222,0,-0.02458018313148652,-0.06794875150522467,0.01878838524225162
632223,0,-0.0154245905626762,-0.0964800772982731,0.06563089617292069
632224,0,-0.014941904253822025,-0.03720946138534771,0.007325652877703658
632321,0,-0.0137493349335234,-0.03415598602258836,0.006657316155541559
632322,0,0.0005096544364843747,-0.03880020281974097,0.03981951169270971
632323,0,-0.014647073456899196,-0.04297634284148498,0.013682195927686578
632324,0,-0.013271056219557875,-0.04457548579331667,0.01803337335420091
632521,0,-0.018885227283797018,-0.07762543708239414,0.03985498251480009
632522,0,-0.014707233689351451,-0.04943671967722412,0.020022252298521205
632523,0,-0.0045585169931992575,-0.06719083986358101,0.058073805877182486
632524,0,-0.010909381848710348,-0.03185287682844033,0.010034113131019633
632525,0,-0.011262591342955125,-0.04389141007624393,0.02136622739033367
632621,0,-0.022031662279119846,-0.08521183528676247,0.04114851072852277
632622,0,-0.015272104614266563,-0.05462198715130016,0.024077777922767024
632623,0,-0.01566642478065222,-0.053698344347320744,0.022365494786016293
632624,0,-0.014889939590115753,-0.05658112201292839,0.02680124283269688
632625,0,-0.015527370449340244,-0.05515178459523974,0.02409704369655924
632626,0,-0.015019889808304682,-0.055981901410062644,0.025942121793453274
632701,0,-0.009596129755371025,-0.04754487195652572,0.02835261244578366
632722,0,-0.009054090133943676,-0.03618740003549846,0.018079219767611104
632723,0,-0.016676170653216804,-0.05133788463920879,0.017985543332775175
632724,0,-0.01594303643367434,-0.047062263505152316,0.015176190637803632
632725,0,-0.014444412882978652,-0.05585999147007028,0.026971165704112968
632726,0,-0.01809627568494865,-0.061171904757815344,0.024979353387918034
632801,0,0.0038718343215148887,-0.03545372740837697,0.04319739605140674
632802,0,-0.00696988862118636,-0.03970233684819285,0.02576255960582012
632821,0,-0.023530354027539585,-0.08908469805693899,0.0420239900018598
632822,0,-0.013949995180744162,-0.04064846685730535,0.012748476495817024
632823,0,0.029667268848198813,-0.05928285713090463,0.11861739482730224
